"","Candidateidentifier","cycle","state","RaceID","pollster","startdate","samplesize","Poll","Percentage.of.Vote.won.x","year","Republican","Democrat","experienced","pvi","GenericBallotSept","daysLeft","poll_period","numberSupport","Incumbent","Weightedexperience","Percentage Raised","win"
"1","2018AZMcSally",2018,"Arizona",20180300,"Gravis Marketing","6/27/18",925,39,NA,2018,1,0,1,-4.106799945,55.1,-132,NA,NA,0,3,41.56543785,NA
"2","2018AZMcSally",2018,"Arizona",20180300,"SurveyMonkey","4/2/18",1667,42,NA,2018,1,0,1,-4.106799945,55.1,-218,NA,NA,0,3,41.56543785,NA
"3","2018AZMcSally",2018,"Arizona",20180300,"Emerson College","6/21/18",650,32,NA,2018,1,0,1,-4.106799945,55.1,-138,NA,NA,0,3,41.56543785,NA
"4","2018AZMcSally",2018,"Arizona",20180300,"YouGov","6/19/18",1001,34,NA,2018,1,0,1,-4.106799945,55.1,-140,NA,NA,0,3,41.56543785,NA
"5","2018AZMcSally",2018,"Arizona",20180300,"OH Predictive Insights/MBQF","9/5/18",597,48.6,NA,2018,1,0,1,-4.106799945,55.1,-62,NA,NA,0,3,41.56543785,NA
"6","2018AZMcSally",2018,"Arizona",20180300,"Fox News/Anderson Robbins Research/Shaw & Co. Research","9/8/18",710,44,NA,2018,1,0,1,-4.106799945,55.1,-59,NA,NA,0,3,41.56543785,NA
"7","2018AZMcSally",2018,"Arizona",20180300,"OH Predictive Insights/MBQF","11/9/17",600,45,NA,2018,1,0,1,-4.106799945,55.1,-362,NA,NA,0,3,41.56543785,NA
"8","2018AZMcSally",2018,"Arizona",20180300,"OH Predictive Insights/MBQF","4/10/18",600,42,NA,2018,1,0,1,-4.106799945,55.1,-210,NA,NA,0,3,41.56543785,NA
"9","2018AZMcSally",2018,"Arizona",20180300,"Marist College","6/17/18",839,38,NA,2018,1,0,1,-4.106799945,55.1,-142,NA,NA,0,3,41.56543785,NA
"10","2018AZMcSally",2018,"Arizona",20180300,"SurveyMonkey","6/11/18",1209,46,NA,2018,1,0,1,-4.106799945,55.1,-148,NA,NA,0,3,41.56543785,NA
"11","2018AZMcSally",2018,"Arizona",20180300,"OH Predictive Insights/MBQF","7/24/18",600,44,NA,2018,1,0,1,-4.106799945,55.1,-105,NA,NA,0,3,41.56543785,NA
"12","2018AZMcSally",2018,"Arizona",20180300,"Gravis Marketing","9/5/18",882,49,NA,2018,1,0,1,-4.106799945,55.1,-62,NA,NA,0,3,41.56543785,NA
"13","2018AZMcSally",2018,"Arizona",20180300,"Data Orbital","9/4/18",550,41.8,NA,2018,1,0,1,-4.106799945,55.1,-63,NA,NA,0,3,41.56543785,NA
"14","2018AZSinema",2018,"Arizona",20180300,"Emerson College","6/21/18",650,40,NA,2018,0,1,1,-4.106799945,55.1,-138,NA,NA,0,3,58.43456215,NA
"15","2018AZSinema",2018,"Arizona",20180300,"Fox News/Anderson Robbins Research/Shaw & Co. Research","9/8/18",710,47,NA,2018,0,1,1,-4.106799945,55.1,-59,NA,NA,0,3,58.43456215,NA
"16","2018AZSinema",2018,"Arizona",20180300,"OH Predictive Insights/MBQF","11/9/17",600,46,NA,2018,0,1,1,-4.106799945,55.1,-362,NA,NA,0,3,58.43456215,NA
"17","2018AZSinema",2018,"Arizona",20180300,"OH Predictive Insights/MBQF","7/24/18",600,48,NA,2018,0,1,1,-4.106799945,55.1,-105,NA,NA,0,3,58.43456215,NA
"18","2018AZSinema",2018,"Arizona",20180300,"OH Predictive Insights/MBQF","9/5/18",597,45.5,NA,2018,0,1,1,-4.106799945,55.1,-62,NA,NA,0,3,58.43456215,NA
"19","2018AZSinema",2018,"Arizona",20180300,"Gravis Marketing","6/27/18",925,43,NA,2018,0,1,1,-4.106799945,55.1,-132,NA,NA,0,3,58.43456215,NA
"20","2018AZSinema",2018,"Arizona",20180300,"SurveyMonkey","6/11/18",1209,50,NA,2018,0,1,1,-4.106799945,55.1,-148,NA,NA,0,3,58.43456215,NA
"21","2018AZSinema",2018,"Arizona",20180300,"YouGov","6/19/18",1001,41,NA,2018,0,1,1,-4.106799945,55.1,-140,NA,NA,0,3,58.43456215,NA
"22","2018AZSinema",2018,"Arizona",20180300,"Data Orbital","9/4/18",550,46.1,NA,2018,0,1,1,-4.106799945,55.1,-63,NA,NA,0,3,58.43456215,NA
"23","2018AZSinema",2018,"Arizona",20180300,"SurveyMonkey","4/2/18",1667,51,NA,2018,0,1,1,-4.106799945,55.1,-218,NA,NA,0,3,58.43456215,NA
"24","2018AZSinema",2018,"Arizona",20180300,"Gravis Marketing","9/5/18",882,48,NA,2018,0,1,1,-4.106799945,55.1,-62,NA,NA,0,3,58.43456215,NA
"25","2018AZSinema",2018,"Arizona",20180300,"OH Predictive Insights/MBQF","4/10/18",600,48,NA,2018,0,1,1,-4.106799945,55.1,-210,NA,NA,0,3,58.43456215,NA
"26","2018AZSinema",2018,"Arizona",20180300,"Marist College","6/17/18",839,49,NA,2018,0,1,1,-4.106799945,55.1,-142,NA,NA,0,3,58.43456215,NA
"27","2018CAde Leon",2018,"California",20180500,"Probolsky Research","8/29/18",900,29.2,NA,2018,1,0,1,10.76322564,55.1,-69,NA,NA,0,2,23.5680417,NA
"28","2018CAde Leon",2018,"California",20180500,"USC Dornsife/LA Times","6/6/18",767,16,NA,2018,1,0,1,10.76322564,55.1,-153,NA,NA,0,2,23.5680417,NA
"29","2018CAde Leon",2018,"California",20180500,"SurveyUSA","6/26/18",559,24,NA,2018,1,0,1,10.76322564,55.1,-133,NA,NA,0,2,23.5680417,NA
"30","2018CAde Leon",2018,"California",20180500,"Public Policy Institute of California","7/8/18",1020,24,NA,2018,1,0,1,10.76322564,55.1,-121,NA,NA,0,2,23.5680417,NA
"31","2018CAde Leon",2018,"California",20180500,"Probolsky Research","4/16/18",900,26.9,NA,2018,1,0,1,10.76322564,55.1,-204,NA,NA,0,2,23.5680417,NA
"32","2018CAFeinstein",2018,"California",20180500,"Probolsky Research","8/29/18",900,37.3,NA,2018,0,1,1,10.76322564,55.1,-69,NA,NA,1,4,76.4319583,NA
"33","2018CAFeinstein",2018,"California",20180500,"USC Dornsife/LA Times","6/6/18",767,32,NA,2018,0,1,1,10.76322564,55.1,-153,NA,NA,1,4,76.4319583,NA
"34","2018CAFeinstein",2018,"California",20180500,"Probolsky Research","4/16/18",900,37.8,NA,2018,0,1,1,10.76322564,55.1,-204,NA,NA,1,4,76.4319583,NA
"35","2018CAFeinstein",2018,"California",20180500,"SurveyUSA","6/26/18",559,46,NA,2018,0,1,1,10.76322564,55.1,-133,NA,NA,1,4,76.4319583,NA
"36","2018CAFeinstein",2018,"California",20180500,"Public Policy Institute of California","7/8/18",1020,46,NA,2018,0,1,1,10.76322564,55.1,-121,NA,NA,1,4,76.4319583,NA
"37","2018CTCorey",2018,"Connecticut",20180700,"Quinnipiac University","8/16/18",1029,31,NA,2018,1,0,0,4.933092737,55.1,-82,NA,NA,-1,1,0.262612603,NA
"38","2018CTCorey",2018,"Connecticut",20180700,"Gravis Marketing","8/24/18",606,37,NA,2018,1,0,0,4.933092737,55.1,-74,NA,NA,-1,1,0.262612603,NA
"39","2018CTMurphy",2018,"Connecticut",20180700,"Quinnipiac University","8/16/18",1029,59,NA,2018,0,1,1,4.933092737,55.1,-82,NA,NA,1,4,99.7373874,NA
"40","2018CTMurphy",2018,"Connecticut",20180700,"Gravis Marketing","8/24/18",606,54,NA,2018,0,1,1,4.933092737,55.1,-74,NA,NA,1,4,99.7373874,NA
"41","2018DEArlett",2018,"Delaware",20180800,"Gravis Marketing","7/24/18",884,39,NA,2018,1,0,1,5.995207379,55.1,-105,NA,NA,-1,2,6.514456094,NA
"42","2018DECarper",2018,"Delaware",20180800,"Gravis Marketing","7/24/18",884,47,NA,2018,0,1,1,5.995207379,55.1,-105,NA,NA,1,4,93.48554391,NA
"43","2018FLNelson",2018,"Florida",20180900,"SurveyUSA","9/7/18",634,44,NA,2018,0,1,1,-1.790610365,55.1,-60,NA,NA,1,4,62.05308395,NA
"44","2018FLNelson",2018,"Florida",20180900,"Public Policy Polling","8/29/18",743,46,NA,2018,0,1,1,-1.790610365,55.1,-69,NA,NA,1,4,62.05308395,NA
"45","2018FLNelson",2018,"Florida",20180900,"Rasmussen Reports/Pulse Opinion Research","9/10/18",800,45,NA,2018,0,1,1,-1.790610365,55.1,-57,NA,NA,1,4,62.05308395,NA
"46","2018FLNelson",2018,"Florida",20180900,"YouGov","6/19/18",839,41,NA,2018,0,1,1,-1.790610365,55.1,-140,NA,NA,1,4,62.05308395,NA
"47","2018FLNelson",2018,"Florida",20180900,"Gravis Marketing","5/31/18",1251,50,NA,2018,0,1,1,-1.790610365,55.1,-159,NA,NA,1,4,62.05308395,NA
"48","2018FLNelson",2018,"Florida",20180900,"St. Pete Polls","8/29/18",1755,47.4,NA,2018,0,1,1,-1.790610365,55.1,-69,NA,NA,1,4,62.05308395,NA
"49","2018FLNelson",2018,"Florida",20180900,"Saint Leo University","2/18/18",500,35.2,NA,2018,0,1,1,-1.790610365,55.1,-261,NA,NA,1,4,62.05308395,NA
"50","2018FLNelson",2018,"Florida",20180900,"Public Policy Polling","4/10/18",661,50,NA,2018,0,1,1,-1.790610365,55.1,-210,NA,NA,1,4,62.05308395,NA
"51","2018FLNelson",2018,"Florida",20180900,"Marist College","6/17/18",947,49,NA,2018,0,1,1,-1.790610365,55.1,-142,NA,NA,1,4,62.05308395,NA
"52","2018FLNelson",2018,"Florida",20180900,"Florida Atlantic University","7/20/18",800,40,NA,2018,0,1,1,-1.790610365,55.1,-109,NA,NA,1,4,62.05308395,NA
"53","2018FLNelson",2018,"Florida",20180900,"Gravis Marketing","2/1/18",1978,44,NA,2018,0,1,1,-1.790610365,55.1,-278,NA,NA,1,4,62.05308395,NA
"54","2018FLNelson",2018,"Florida",20180900,"Gravis Marketing","8/29/18",1225,47,NA,2018,0,1,1,-1.790610365,55.1,-69,NA,NA,1,4,62.05308395,NA
"55","2018FLNelson",2018,"Florida",20180900,"McLaughlin & Associates","3/10/18",800,46,NA,2018,0,1,1,-1.790610365,55.1,-241,NA,NA,1,4,62.05308395,NA
"56","2018FLNelson",2018,"Florida",20180900,"Florida Atlantic University","2/1/18",750,34,NA,2018,0,1,1,-1.790610365,55.1,-278,NA,NA,1,4,62.05308395,NA
"57","2018FLNelson",2018,"Florida",20180900,"Quinnipiac University","8/30/18",785,49,NA,2018,0,1,1,-1.790610365,55.1,-68,NA,NA,1,4,62.05308395,NA
"58","2018FLNelson",2018,"Florida",20180900,"Quinnipiac University","2/23/18",1156,46,NA,2018,0,1,1,-1.790610365,55.1,-256,NA,NA,1,4,62.05308395,NA
"59","2018FLNelson",2018,"Florida",20180900,"Florida Atlantic University","2/23/18",800,40,NA,2018,0,1,1,-1.790610365,55.1,-256,NA,NA,1,4,62.05308395,NA
"60","2018FLNelson",2018,"Florida",20180900,"Saint Leo University","11/19/17",500,31.6,NA,2018,0,1,1,-1.790610365,55.1,-352,NA,NA,1,4,62.05308395,NA
"61","2018FLNelson",2018,"Florida",20180900,"SurveyMonkey","2/12/18",1806,53,NA,2018,0,1,1,-1.790610365,55.1,-267,NA,NA,1,4,62.05308395,NA
"62","2018FLNelson",2018,"Florida",20180900,"Saint Leo University","8/10/18",500,35.8,NA,2018,0,1,1,-1.790610365,55.1,-88,NA,NA,1,4,62.05308395,NA
"63","2018FLNelson",2018,"Florida",20180900,"University of North Florida","1/29/18",429,48,NA,2018,0,1,1,-1.790610365,55.1,-281,NA,NA,1,4,62.05308395,NA
"64","2018FLNelson",2018,"Florida",20180900,"SurveyMonkey","6/11/18",990,45,NA,2018,0,1,1,-1.790610365,55.1,-148,NA,NA,1,4,62.05308395,NA
"65","2018FLNelson",2018,"Florida",20180900,"Saint Leo University","5/25/18",506,34.4,NA,2018,0,1,1,-1.790610365,55.1,-165,NA,NA,1,4,62.05308395,NA
"66","2018FLNelson",2018,"Florida",20180900,"Mason-Dixon Polling & Research Inc.","1/30/18",625,45,NA,2018,0,1,1,-1.790610365,55.1,-280,NA,NA,1,4,62.05308395,NA
"67","2018FLNelson",2018,"Florida",20180900,"Gravis Marketing","2/26/18",2212,44,NA,2018,0,1,1,-1.790610365,55.1,-253,NA,NA,1,4,62.05308395,NA
"68","2018FLNelson",2018,"Florida",20180900,"Gravis Marketing","7/13/18",1840,47,NA,2018,0,1,1,-1.790610365,55.1,-116,NA,NA,1,4,62.05308395,NA
"69","2018FLNelson",2018,"Florida",20180900,"Florida Atlantic University","5/4/18",728,45,NA,2018,0,1,1,-1.790610365,55.1,-186,NA,NA,1,4,62.05308395,NA
"70","2018FLNelson",2018,"Florida",20180900,"Mason-Dixon Polling & Research Inc.","7/24/18",625,44,NA,2018,0,1,1,-1.790610365,55.1,-105,NA,NA,1,4,62.05308395,NA
"71","2018FLNelson",2018,"Florida",20180900,"Public Policy Polling","6/18/18",1308,48,NA,2018,0,1,1,-1.790610365,55.1,-141,NA,NA,1,4,62.05308395,NA
"72","2018FLNelson",2018,"Florida",20180900,"Florida Atlantic University","8/16/18",800,39,NA,2018,0,1,1,-1.790610365,55.1,-82,NA,NA,1,4,62.05308395,NA
"73","2018FLNelson",2018,"Florida",20180900,"Gravis Marketing","12/19/17",5778,44,NA,2018,0,1,1,-1.790610365,55.1,-322,NA,NA,1,4,62.05308395,NA
"74","2018FLNelson",2018,"Florida",20180900,"Clearview Research","3/1/18",750,41.3,NA,2018,0,1,1,-1.790610365,55.1,-250,NA,NA,1,4,62.05308395,NA
"75","2018FLNelson",2018,"Florida",20180900,"Morning Consult","5/29/18",1199,39,NA,2018,0,1,1,-1.790610365,55.1,-161,NA,NA,1,4,62.05308395,NA
"76","2018FLNelson",2018,"Florida",20180900,"Cherry Communications","5/25/18",605,45,NA,2018,0,1,1,-1.790610365,55.1,-165,NA,NA,1,4,62.05308395,NA
"77","2018FLScott",2018,"Florida",20180900,"Saint Leo University","2/18/18",500,41.6,NA,2018,1,0,1,-1.790610365,55.1,-261,NA,NA,-1,4,37.94691605,NA
"78","2018FLScott",2018,"Florida",20180900,"Gravis Marketing","5/31/18",1251,40,NA,2018,1,0,1,-1.790610365,55.1,-159,NA,NA,-1,4,37.94691605,NA
"79","2018FLScott",2018,"Florida",20180900,"Saint Leo University","8/10/18",500,40.4,NA,2018,1,0,1,-1.790610365,55.1,-88,NA,NA,-1,4,37.94691605,NA
"80","2018FLScott",2018,"Florida",20180900,"YouGov","6/19/18",839,46,NA,2018,1,0,1,-1.790610365,55.1,-140,NA,NA,-1,4,37.94691605,NA
"81","2018FLScott",2018,"Florida",20180900,"SurveyMonkey","6/11/18",990,52,NA,2018,1,0,1,-1.790610365,55.1,-148,NA,NA,-1,4,37.94691605,NA
"82","2018FLScott",2018,"Florida",20180900,"Public Policy Polling","4/10/18",661,44,NA,2018,1,0,1,-1.790610365,55.1,-210,NA,NA,-1,4,37.94691605,NA
"83","2018FLScott",2018,"Florida",20180900,"Public Policy Polling","8/29/18",743,45,NA,2018,1,0,1,-1.790610365,55.1,-69,NA,NA,-1,4,37.94691605,NA
"84","2018FLScott",2018,"Florida",20180900,"Rasmussen Reports/Pulse Opinion Research","9/10/18",800,44,NA,2018,1,0,1,-1.790610365,55.1,-57,NA,NA,-1,4,37.94691605,NA
"85","2018FLScott",2018,"Florida",20180900,"Quinnipiac University","2/23/18",1156,42,NA,2018,1,0,1,-1.790610365,55.1,-256,NA,NA,-1,4,37.94691605,NA
"86","2018FLScott",2018,"Florida",20180900,"University of North Florida","1/29/18",429,42,NA,2018,1,0,1,-1.790610365,55.1,-281,NA,NA,-1,4,37.94691605,NA
"87","2018FLScott",2018,"Florida",20180900,"SurveyUSA","9/7/18",634,46,NA,2018,1,0,1,-1.790610365,55.1,-60,NA,NA,-1,4,37.94691605,NA
"88","2018FLScott",2018,"Florida",20180900,"Florida Atlantic University","2/1/18",750,44,NA,2018,1,0,1,-1.790610365,55.1,-278,NA,NA,-1,4,37.94691605,NA
"89","2018FLScott",2018,"Florida",20180900,"Quinnipiac University","8/30/18",785,49,NA,2018,1,0,1,-1.790610365,55.1,-68,NA,NA,-1,4,37.94691605,NA
"90","2018FLScott",2018,"Florida",20180900,"Florida Atlantic University","2/23/18",800,38,NA,2018,1,0,1,-1.790610365,55.1,-256,NA,NA,-1,4,37.94691605,NA
"91","2018FLScott",2018,"Florida",20180900,"Marist College","6/17/18",947,45,NA,2018,1,0,1,-1.790610365,55.1,-142,NA,NA,-1,4,37.94691605,NA
"92","2018FLScott",2018,"Florida",20180900,"Saint Leo University","11/19/17",500,41.8,NA,2018,1,0,1,-1.790610365,55.1,-352,NA,NA,-1,4,37.94691605,NA
"93","2018FLScott",2018,"Florida",20180900,"Gravis Marketing","8/29/18",1225,47,NA,2018,1,0,1,-1.790610365,55.1,-69,NA,NA,-1,4,37.94691605,NA
"94","2018FLScott",2018,"Florida",20180900,"Saint Leo University","5/25/18",506,39.5,NA,2018,1,0,1,-1.790610365,55.1,-165,NA,NA,-1,4,37.94691605,NA
"95","2018FLScott",2018,"Florida",20180900,"Mason-Dixon Polling & Research Inc.","1/30/18",625,44,NA,2018,1,0,1,-1.790610365,55.1,-280,NA,NA,-1,4,37.94691605,NA
"96","2018FLScott",2018,"Florida",20180900,"McLaughlin & Associates","3/10/18",800,47,NA,2018,1,0,1,-1.790610365,55.1,-241,NA,NA,-1,4,37.94691605,NA
"97","2018FLScott",2018,"Florida",20180900,"Clearview Research","3/1/18",750,43.3,NA,2018,1,0,1,-1.790610365,55.1,-250,NA,NA,-1,4,37.94691605,NA
"98","2018FLScott",2018,"Florida",20180900,"SurveyMonkey","2/12/18",1806,43,NA,2018,1,0,1,-1.790610365,55.1,-267,NA,NA,-1,4,37.94691605,NA
"99","2018FLScott",2018,"Florida",20180900,"Florida Atlantic University","7/20/18",800,44,NA,2018,1,0,1,-1.790610365,55.1,-109,NA,NA,-1,4,37.94691605,NA
"100","2018FLScott",2018,"Florida",20180900,"Cherry Communications","5/25/18",605,48,NA,2018,1,0,1,-1.790610365,55.1,-165,NA,NA,-1,4,37.94691605,NA
"101","2018FLScott",2018,"Florida",20180900,"Public Policy Polling","6/18/18",1308,46,NA,2018,1,0,1,-1.790610365,55.1,-141,NA,NA,-1,4,37.94691605,NA
"102","2018FLScott",2018,"Florida",20180900,"Florida Atlantic University","8/16/18",800,45,NA,2018,1,0,1,-1.790610365,55.1,-82,NA,NA,-1,4,37.94691605,NA
"103","2018FLScott",2018,"Florida",20180900,"Morning Consult","5/29/18",1199,40,NA,2018,1,0,1,-1.790610365,55.1,-161,NA,NA,-1,4,37.94691605,NA
"104","2018FLScott",2018,"Florida",20180900,"Gravis Marketing","2/1/18",1978,40,NA,2018,1,0,1,-1.790610365,55.1,-278,NA,NA,-1,4,37.94691605,NA
"105","2018FLScott",2018,"Florida",20180900,"Florida Atlantic University","5/4/18",728,45,NA,2018,1,0,1,-1.790610365,55.1,-186,NA,NA,-1,4,37.94691605,NA
"106","2018FLScott",2018,"Florida",20180900,"Gravis Marketing","12/19/17",5778,39,NA,2018,1,0,1,-1.790610365,55.1,-322,NA,NA,-1,4,37.94691605,NA
"107","2018FLScott",2018,"Florida",20180900,"Mason-Dixon Polling & Research Inc.","7/24/18",625,47,NA,2018,1,0,1,-1.790610365,55.1,-105,NA,NA,-1,4,37.94691605,NA
"108","2018FLScott",2018,"Florida",20180900,"St. Pete Polls","8/29/18",1755,47.3,NA,2018,1,0,1,-1.790610365,55.1,-69,NA,NA,-1,4,37.94691605,NA
"109","2018FLScott",2018,"Florida",20180900,"Gravis Marketing","7/13/18",1840,43,NA,2018,1,0,1,-1.790610365,55.1,-116,NA,NA,-1,4,37.94691605,NA
"110","2018FLScott",2018,"Florida",20180900,"Gravis Marketing","2/26/18",2212,40,NA,2018,1,0,1,-1.790610365,55.1,-253,NA,NA,-1,4,37.94691605,NA
"111","2018INBraun",2018,"Indiana",20181400,"Fox News/Anderson Robbins Research/Shaw & Co. Research","9/8/18",677,45,NA,2018,1,0,1,-8.112056678,55.1,-59,NA,NA,-1,3,22.46932654,NA
"112","2018INBraun",2018,"Indiana",20181400,"Gravis Marketing","5/10/18",400,47,NA,2018,1,0,1,-8.112056678,55.1,-180,NA,NA,-1,3,22.46932654,NA
"113","2018INBraun",2018,"Indiana",20181400,"SurveyMonkey","6/11/18",850,51,NA,2018,1,0,1,-8.112056678,55.1,-148,NA,NA,-1,3,22.46932654,NA
"114","2018INBraun",2018,"Indiana",20181400,"Trafalgar Group","7/31/18",1420,38.6,NA,2018,1,0,1,-8.112056678,55.1,-98,NA,NA,-1,3,22.46932654,NA
"115","2018INBraun",2018,"Indiana",20181400,"Marist College","8/26/18",576,42,NA,2018,1,0,1,-8.112056678,55.1,-72,NA,NA,-1,3,22.46932654,NA
"116","2018INDonnelly",2018,"Indiana",20181400,"SurveyMonkey","6/11/18",850,46,NA,2018,0,1,1,-8.112056678,55.1,-148,NA,NA,1,4,77.53067346,NA
"117","2018INDonnelly",2018,"Indiana",20181400,"Trafalgar Group","7/31/18",1420,50.7,NA,2018,0,1,1,-8.112056678,55.1,-98,NA,NA,1,4,77.53067346,NA
"118","2018INDonnelly",2018,"Indiana",20181400,"Fox News/Anderson Robbins Research/Shaw & Co. Research","9/8/18",677,43,NA,2018,0,1,1,-8.112056678,55.1,-59,NA,NA,1,4,77.53067346,NA
"119","2018INDonnelly",2018,"Indiana",20181400,"Gravis Marketing","5/10/18",400,46,NA,2018,0,1,1,-8.112056678,55.1,-180,NA,NA,1,4,77.53067346,NA
"120","2018INDonnelly",2018,"Indiana",20181400,"Marist College","8/26/18",576,46.5,NA,2018,0,1,1,-8.112056678,55.1,-72,NA,NA,1,4,77.53067346,NA
"121","2018MADiehl",2018,"Massachusetts",20182100,"Suffolk University","6/8/18",500,32.8,NA,2018,1,0,1,10.77644895,55.1,-151,NA,NA,-1,2,9.610371406,NA
"122","2018MADiehl",2018,"Massachusetts",20182100,"MassINC Polling Group","5/22/18",501,19,NA,2018,1,0,1,10.77644895,55.1,-168,NA,NA,-1,2,9.610371406,NA
"123","2018MADiehl",2018,"Massachusetts",20182100,"MassINC Polling Group","11/9/17",503,32,NA,2018,1,0,1,10.77644895,55.1,-362,NA,NA,-1,2,9.610371406,NA
"124","2018MADiehl",2018,"Massachusetts",20182100,"MassINC Polling Group","6/19/17",504,29,NA,2018,1,0,1,10.77644895,55.1,-505,NA,NA,-1,2,9.610371406,NA
"125","2018MADiehl",2018,"Massachusetts",20182100,"MassINC Polling Group","3/16/18",504,20,NA,2018,1,0,1,10.77644895,55.1,-235,NA,NA,-1,2,9.610371406,NA
"126","2018MAWarren",2018,"Massachusetts",20182100,"Suffolk University","6/8/18",500,55.2,NA,2018,0,1,1,10.77644895,55.1,-151,NA,NA,1,4,90.38962859,NA
"127","2018MAWarren",2018,"Massachusetts",20182100,"MassINC Polling Group","11/9/17",503,58,NA,2018,0,1,1,10.77644895,55.1,-362,NA,NA,1,4,90.38962859,NA
"128","2018MAWarren",2018,"Massachusetts",20182100,"MassINC Polling Group","6/19/17",504,60,NA,2018,0,1,1,10.77644895,55.1,-505,NA,NA,1,4,90.38962859,NA
"129","2018MAWarren",2018,"Massachusetts",20182100,"MassINC Polling Group","5/22/18",501,54,NA,2018,0,1,1,10.77644895,55.1,-168,NA,NA,1,4,90.38962859,NA
"130","2018MAWarren",2018,"Massachusetts",20182100,"MassINC Polling Group","3/16/18",504,55,NA,2018,0,1,1,10.77644895,55.1,-235,NA,NA,1,4,90.38962859,NA
"131","2018MIJames",2018,"Michigan",20182200,"Gravis Marketing","8/14/18",647,35,NA,2018,1,0,0,0.110617903,55.1,-84,NA,NA,-1,1,34.4508541,NA
"132","2018MIJames",2018,"Michigan",20182200,"Glengariff Group Inc.","1/16/18",600,30,NA,2018,1,0,0,0.110617903,55.1,-294,NA,NA,-1,1,34.4508541,NA
"133","2018MIJames",2018,"Michigan",20182200,"Emerson College","7/19/18",600,29,NA,2018,1,0,0,0.110617903,55.1,-110,NA,NA,-1,1,34.4508541,NA
"134","2018MIJames",2018,"Michigan",20182200,"SurveyMonkey","6/11/18",901,43,NA,2018,1,0,0,0.110617903,55.1,-148,NA,NA,-1,1,34.4508541,NA
"135","2018MIJames",2018,"Michigan",20182200,"Marist College","7/15/18",886,37,NA,2018,1,0,0,0.110617903,55.1,-114,NA,NA,-1,1,34.4508541,NA
"136","2018MIJames",2018,"Michigan",20182200,"Strategic National","8/13/18",700,35,NA,2018,1,0,0,0.110617903,55.1,-85,NA,NA,-1,1,34.4508541,NA
"137","2018MIJames",2018,"Michigan",20182200,"Glengariff Group Inc.","9/5/18",600,32.6,NA,2018,1,0,0,0.110617903,55.1,-62,NA,NA,-1,1,34.4508541,NA
"138","2018MIJames",2018,"Michigan",20182200,"Strategic National","9/8/18",1000,35,NA,2018,1,0,0,0.110617903,55.1,-59,NA,NA,-1,1,34.4508541,NA
"139","2018MIStabenow",2018,"Michigan",20182200,"Marist College","7/15/18",886,55,NA,2018,0,1,1,0.110617903,55.1,-114,NA,NA,1,4,65.5491459,NA
"140","2018MIStabenow",2018,"Michigan",20182200,"Strategic National","9/8/18",1000,53,NA,2018,0,1,1,0.110617903,55.1,-59,NA,NA,1,4,65.5491459,NA
"141","2018MIStabenow",2018,"Michigan",20182200,"SurveyMonkey","6/11/18",808,53,NA,2018,0,1,1,0.110617903,55.1,-148,NA,NA,1,4,65.5491459,NA
"142","2018MIStabenow",2018,"Michigan",20182200,"Strategic National","8/13/18",700,50,NA,2018,0,1,1,0.110617903,55.1,-85,NA,NA,1,4,65.5491459,NA
"143","2018MIStabenow",2018,"Michigan",20182200,"Glengariff Group Inc.","9/5/18",600,55.5,NA,2018,0,1,1,0.110617903,55.1,-62,NA,NA,1,4,65.5491459,NA
"144","2018MIStabenow",2018,"Michigan",20182200,"Emerson College","7/19/18",600,47,NA,2018,0,1,1,0.110617903,55.1,-110,NA,NA,1,4,65.5491459,NA
"145","2018MIStabenow",2018,"Michigan",20182200,"Gravis Marketing","8/14/18",647,51,NA,2018,0,1,1,0.110617903,55.1,-84,NA,NA,1,4,65.5491459,NA
"146","2018MIStabenow",2018,"Michigan",20182200,"Glengariff Group Inc.","1/16/18",600,51,NA,2018,0,1,1,0.110617903,55.1,-294,NA,NA,1,4,65.5491459,NA
"147","2018MNHousley",2018,"Minnesota",20182302,"Marist College","7/15/18",876,35,NA,2018,1,0,1,1.11430914,55.1,-114,NA,NA,0,2,27.12205256,NA
"148","2018MNHousley",2018,"Minnesota",20182302,"Emerson College","8/8/18",500,28,NA,2018,1,0,1,1.11430914,55.1,-90,NA,NA,0,2,27.12205256,NA
"149","2018MNHousley",2018,"Minnesota",20182302,"Suffolk University","8/17/18",500,37,NA,2018,1,0,1,1.11430914,55.1,-81,NA,NA,0,2,27.12205256,NA
"150","2018MNHousley",2018,"Minnesota",20182302,"SurveyUSA","9/6/18",574,39,NA,2018,1,0,1,1.11430914,55.1,-61,NA,NA,0,2,27.12205256,NA
"151","2018MNKlobuchar",2018,"Minnesota",20182300,"SurveyUSA","9/6/18",574,53,NA,2018,0,1,1,1.11430914,55.1,-61,NA,NA,1,4,97.55971856,NA
"152","2018MNKlobuchar",2018,"Minnesota",20182300,"Suffolk University","8/17/18",500,54,NA,2018,0,1,1,1.11430914,55.1,-81,NA,NA,1,4,97.55971856,NA
"153","2018MNKlobuchar",2018,"Minnesota",20182300,"Emerson College","8/8/18",500,50,NA,2018,0,1,1,1.11430914,55.1,-90,NA,NA,1,4,97.55971856,NA
"154","2018MNNewberger",2018,"Minnesota",20182300,"Suffolk University","8/17/18",500,34,NA,2018,1,0,1,1.11430914,55.1,-81,NA,NA,-1,2,2.440281443,NA
"155","2018MNNewberger",2018,"Minnesota",20182300,"Emerson College","8/8/18",500,26,NA,2018,1,0,1,1.11430914,55.1,-90,NA,NA,-1,2,2.440281443,NA
"156","2018MNNewberger",2018,"Minnesota",20182300,"SurveyUSA","9/6/18",574,38,NA,2018,1,0,1,1.11430914,55.1,-61,NA,NA,-1,2,2.440281443,NA
"157","2018MNSmith",2018,"Minnesota",20182302,"Suffolk University","8/17/18",500,44,NA,2018,0,1,1,1.11430914,55.1,-81,NA,NA,0,3,72.87794744,NA
"158","2018MNSmith",2018,"Minnesota",20182302,"Emerson College","8/8/18",500,32,NA,2018,0,1,1,1.11430914,55.1,-90,NA,NA,0,3,72.87794744,NA
"159","2018MNSmith",2018,"Minnesota",20182302,"Marist College","7/15/18",876,49,NA,2018,0,1,1,1.11430914,55.1,-114,NA,NA,0,3,72.87794744,NA
"160","2018MNSmith",2018,"Minnesota",20182302,"SurveyUSA","9/6/18",574,48,NA,2018,0,1,1,1.11430914,55.1,-61,NA,NA,0,3,72.87794744,NA
"161","2018MOHawley",2018,"Missouri",20182500,"Remington Research Group","7/7/17",928,50,NA,2018,1,0,1,-6.881433406,55.1,-487,NA,NA,-1,3,20.24035084,NA
"162","2018MOHawley",2018,"Missouri",20182500,"Fabrizio, Lee & Associates","7/10/17",500,46,NA,2018,1,0,1,-6.881433406,55.1,-484,NA,NA,-1,3,20.24035084,NA
"163","2018MOHawley",2018,"Missouri",20182500,"YouGov","9/10/18",917,45,NA,2018,1,0,1,-6.881433406,55.1,-57,NA,NA,-1,3,20.24035084,NA
"164","2018MOHawley",2018,"Missouri",20182500,"Remington Research Group","1/3/18",1122,49,NA,2018,1,0,1,-6.881433406,55.1,-307,NA,NA,-1,3,20.24035084,NA
"165","2018MOHawley",2018,"Missouri",20182500,"TJP Strategies","4/18/18",1542,44,NA,2018,1,0,1,-6.881433406,55.1,-202,NA,NA,-1,3,20.24035084,NA
"166","2018MOHawley",2018,"Missouri",20182500,"Remington Research Group","8/16/17",922,50,NA,2018,1,0,1,-6.881433406,55.1,-447,NA,NA,-1,3,20.24035084,NA
"167","2018MOHawley",2018,"Missouri",20182500,"Remington Research Group","10/11/17",965,48,NA,2018,1,0,1,-6.881433406,55.1,-391,NA,NA,-1,3,20.24035084,NA
"168","2018MOHawley",2018,"Missouri",20182500,"TJP Strategies","5/9/18",898,44,NA,2018,1,0,1,-6.881433406,55.1,-181,NA,NA,-1,3,20.24035084,NA
"169","2018MOHawley",2018,"Missouri",20182500,"Mason-Dixon Polling & Research Inc.","4/4/18",625,44,NA,2018,1,0,1,-6.881433406,55.1,-216,NA,NA,-1,3,20.24035084,NA
"170","2018MOHawley",2018,"Missouri",20182500,"Fox News/Anderson Robbins Research/Shaw & Co. Research","9/8/18",675,43,NA,2018,1,0,1,-6.881433406,55.1,-59,NA,NA,-1,3,20.24035084,NA
"171","2018MOHawley",2018,"Missouri",20182500,"Gravis Marketing","5/16/18",822,50,NA,2018,1,0,1,-6.881433406,55.1,-174,NA,NA,-1,3,20.24035084,NA
"172","2018MOHawley",2018,"Missouri",20182500,"Emerson College","4/26/18",600,45,NA,2018,1,0,1,-6.881433406,55.1,-194,NA,NA,-1,3,20.24035084,NA
"173","2018MOHawley",2018,"Missouri",20182500,"SurveyMonkey","6/11/18",953,49,NA,2018,1,0,1,-6.881433406,55.1,-148,NA,NA,-1,3,20.24035084,NA
"174","2018MOHawley",2018,"Missouri",20182500,"Marist College","8/25/18",568,43.5,NA,2018,1,0,1,-6.881433406,55.1,-73,NA,NA,-1,3,20.24035084,NA
"175","2018MOHawley",2018,"Missouri",20182500,"Global Strategy Group","6/11/18",804,41,NA,2018,1,0,1,-6.881433406,55.1,-148,NA,NA,-1,3,20.24035084,NA
"176","2018MOHawley",2018,"Missouri",20182500,"SurveyMonkey","2/12/18",1938,52,NA,2018,1,0,1,-6.881433406,55.1,-267,NA,NA,-1,3,20.24035084,NA
"177","2018MOHawley",2018,"Missouri",20182500,"Remington Research Group","7/7/18",1034,48,NA,2018,1,0,1,-6.881433406,55.1,-122,NA,NA,-1,3,20.24035084,NA
"178","2018MOHawley",2018,"Missouri",20182500,"Remington Research Group","8/8/18",1785,47,NA,2018,1,0,1,-6.881433406,55.1,-90,NA,NA,-1,3,20.24035084,NA
"179","2018MOHawley",2018,"Missouri",20182500,"Gravis Marketing","3/5/18",931,40,NA,2018,1,0,1,-6.881433406,55.1,-246,NA,NA,-1,3,20.24035084,NA
"180","2018MOMcCaskill",2018,"Missouri",20182500,"Remington Research Group","8/16/17",922,45,NA,2018,0,1,1,-6.881433406,55.1,-447,NA,NA,1,4,79.75964916,NA
"181","2018MOMcCaskill",2018,"Missouri",20182500,"Marist College","8/25/18",568,45.5,NA,2018,0,1,1,-6.881433406,55.1,-73,NA,NA,1,4,79.75964916,NA
"182","2018MOMcCaskill",2018,"Missouri",20182500,"Gravis Marketing","5/16/18",822,43,NA,2018,0,1,1,-6.881433406,55.1,-174,NA,NA,1,4,79.75964916,NA
"183","2018MOMcCaskill",2018,"Missouri",20182500,"Fabrizio, Lee & Associates","7/10/17",500,42,NA,2018,0,1,1,-6.881433406,55.1,-484,NA,NA,1,4,79.75964916,NA
"184","2018MOMcCaskill",2018,"Missouri",20182500,"Remington Research Group","10/11/17",965,45,NA,2018,0,1,1,-6.881433406,55.1,-391,NA,NA,1,4,79.75964916,NA
"185","2018MOMcCaskill",2018,"Missouri",20182500,"Remington Research Group","7/7/17",928,44,NA,2018,0,1,1,-6.881433406,55.1,-487,NA,NA,1,4,79.75964916,NA
"186","2018MOMcCaskill",2018,"Missouri",20182500,"TJP Strategies","5/9/18",898,48,NA,2018,0,1,1,-6.881433406,55.1,-181,NA,NA,1,4,79.75964916,NA
"187","2018MOMcCaskill",2018,"Missouri",20182500,"Fox News/Anderson Robbins Research/Shaw & Co. Research","9/8/18",675,44.5,NA,2018,0,1,1,-6.881433406,55.1,-59,NA,NA,1,4,79.75964916,NA
"188","2018MOMcCaskill",2018,"Missouri",20182500,"Mason-Dixon Polling & Research Inc.","4/4/18",625,45,NA,2018,0,1,1,-6.881433406,55.1,-216,NA,NA,1,4,79.75964916,NA
"189","2018MOMcCaskill",2018,"Missouri",20182500,"SurveyMonkey","2/12/18",1938,44,NA,2018,0,1,1,-6.881433406,55.1,-267,NA,NA,1,4,79.75964916,NA
"190","2018MOMcCaskill",2018,"Missouri",20182500,"Emerson College","4/26/18",600,45,NA,2018,0,1,1,-6.881433406,55.1,-194,NA,NA,1,4,79.75964916,NA
"191","2018MOMcCaskill",2018,"Missouri",20182500,"Remington Research Group","1/3/18",1122,45,NA,2018,0,1,1,-6.881433406,55.1,-307,NA,NA,1,4,79.75964916,NA
"192","2018MOMcCaskill",2018,"Missouri",20182500,"TJP Strategies","4/18/18",1542,48,NA,2018,0,1,1,-6.881433406,55.1,-202,NA,NA,1,4,79.75964916,NA
"193","2018MOMcCaskill",2018,"Missouri",20182500,"Remington Research Group","8/8/18",1785,47,NA,2018,0,1,1,-6.881433406,55.1,-90,NA,NA,1,4,79.75964916,NA
"194","2018MOMcCaskill",2018,"Missouri",20182500,"Remington Research Group","7/7/18",1034,46,NA,2018,0,1,1,-6.881433406,55.1,-122,NA,NA,1,4,79.75964916,NA
"195","2018MOMcCaskill",2018,"Missouri",20182500,"YouGov","9/10/18",917,45,NA,2018,0,1,1,-6.881433406,55.1,-57,NA,NA,1,4,79.75964916,NA
"196","2018MOMcCaskill",2018,"Missouri",20182500,"Global Strategy Group","6/11/18",804,47,NA,2018,0,1,1,-6.881433406,55.1,-148,NA,NA,1,4,79.75964916,NA
"197","2018MOMcCaskill",2018,"Missouri",20182500,"SurveyMonkey","6/11/18",953,49,NA,2018,0,1,1,-6.881433406,55.1,-148,NA,NA,1,4,79.75964916,NA
"198","2018MOMcCaskill",2018,"Missouri",20182500,"Gravis Marketing","3/5/18",931,42,NA,2018,0,1,1,-6.881433406,55.1,-246,NA,NA,1,4,79.75964916,NA
"199","2018MSBaria",2018,"Mississippi",20182400,"Triumph Campaigns","7/30/18",2100,32.45,NA,2018,0,1,1,-7.954178646,55.1,-99,NA,NA,-1,2,14.50669965,NA
"200","2018MSBaria",2018,"Mississippi",20182400,"Triumph Campaigns","4/10/18",1000,31.3,NA,2018,0,1,1,-7.954178646,55.1,-210,NA,NA,-1,2,14.50669965,NA
"201","2018MSWicker",2018,"Mississippi",20182400,"Triumph Campaigns","4/10/18",1000,48.1,NA,2018,1,0,1,-7.954178646,55.1,-210,NA,NA,1,4,85.49330035,NA
"202","2018MSWicker",2018,"Mississippi",20182400,"Triumph Campaigns","7/30/18",2100,53.25,NA,2018,1,0,1,-7.954178646,55.1,-99,NA,NA,1,4,85.49330035,NA
"203","2018MTRosendale",2018,"Montana",20182600,"Gravis Marketing","6/11/18",469,44,NA,2018,1,0,1,-8.652566712,55.1,-148,NA,NA,-1,3,15.80866044,NA
"204","2018MTRosendale",2018,"Montana",20182600,"Remington Research Group","7/8/18",2581,46,NA,2018,1,0,1,-8.652566712,55.1,-121,NA,NA,-1,3,15.80866044,NA
"205","2018MTRosendale",2018,"Montana",20182600,"YouGov","9/10/18",453,45,NA,2018,1,0,1,-8.652566712,55.1,-57,NA,NA,-1,3,15.80866044,NA
"206","2018MTRosendale",2018,"Montana",20182600,"SurveyMonkey","6/11/18",930,44,NA,2018,1,0,1,-8.652566712,55.1,-148,NA,NA,-1,3,15.80866044,NA
"207","2018MTTester",2018,"Montana",20182600,"Remington Research Group","7/8/18",2581,49,NA,2018,0,1,1,-8.652566712,55.1,-121,NA,NA,1,4,84.19133956,NA
"208","2018MTTester",2018,"Montana",20182600,"SurveyMonkey","6/11/18",930,54,NA,2018,0,1,1,-8.652566712,55.1,-148,NA,NA,1,4,84.19133956,NA
"209","2018MTTester",2018,"Montana",20182600,"YouGov","9/10/18",453,47,NA,2018,0,1,1,-8.652566712,55.1,-57,NA,NA,1,4,84.19133956,NA
"210","2018MTTester",2018,"Montana",20182600,"Gravis Marketing","6/11/18",469,51,NA,2018,0,1,1,-8.652566712,55.1,-148,NA,NA,1,4,84.19133956,NA
"211","2018NDCramer",2018,"North Dakota",20183400,"Fox News/Anderson Robbins Research/Shaw & Co. Research","9/8/18",701,48,NA,2018,1,0,1,-15.10961444,55.1,-59,NA,NA,-1,3,24.07689073,NA
"212","2018NDCramer",2018,"North Dakota",20183400,"Gravis Marketing","2/21/18",385,40,NA,2018,1,0,1,-15.10961444,55.1,-258,NA,NA,-1,3,24.07689073,NA
"213","2018NDCramer",2018,"North Dakota",20183400,"Mason-Dixon Polling & Research Inc.","6/13/18",625,48,NA,2018,1,0,1,-15.10961444,55.1,-146,NA,NA,-1,3,24.07689073,NA
"214","2018NDCramer",2018,"North Dakota",20183400,"SurveyMonkey","6/11/18",428,53,NA,2018,1,0,1,-15.10961444,55.1,-148,NA,NA,-1,3,24.07689073,NA
"215","2018NDHeitkamp",2018,"North Dakota",20183400,"Mason-Dixon Polling & Research Inc.","6/13/18",625,44,NA,2018,0,1,1,-15.10961444,55.1,-146,NA,NA,1,4,75.92310927,NA
"216","2018NDHeitkamp",2018,"North Dakota",20183400,"Fox News/Anderson Robbins Research/Shaw & Co. Research","9/8/18",701,44,NA,2018,0,1,1,-15.10961444,55.1,-59,NA,NA,1,4,75.92310927,NA
"217","2018NDHeitkamp",2018,"North Dakota",20183400,"Gravis Marketing","2/21/18",385,43,NA,2018,0,1,1,-15.10961444,55.1,-258,NA,NA,1,4,75.92310927,NA
"218","2018NDHeitkamp",2018,"North Dakota",20183400,"SurveyMonkey","6/11/18",428,45,NA,2018,0,1,1,-15.10961444,55.1,-148,NA,NA,1,4,75.92310927,NA
"219","2018NJHugin",2018,"New Jersey",20183000,"Gravis Marketing","8/14/18",753,30,NA,2018,1,0,0,5.440680607,55.1,-84,NA,NA,-1,1,21.06269492,NA
"220","2018NJHugin",2018,"New Jersey",20183000,"Monmouth University","4/6/18",632,32,NA,2018,1,0,0,5.440680607,55.1,-214,NA,NA,-1,1,21.06269492,NA
"221","2018NJHugin",2018,"New Jersey",20183000,"Fairleigh Dickinson University (PublicMind)","5/16/18",856,24,NA,2018,1,0,0,5.440680607,55.1,-174,NA,NA,-1,1,21.06269492,NA
"222","2018NJHugin",2018,"New Jersey",20183000,"Gravis Marketing","7/6/18",563,41,NA,2018,1,0,0,5.440680607,55.1,-123,NA,NA,-1,1,21.06269492,NA
"223","2018NJHugin",2018,"New Jersey",20183000,"Quinnipiac University","8/15/18",908,37,NA,2018,1,0,0,5.440680607,55.1,-83,NA,NA,-1,1,21.06269492,NA
"224","2018NJHugin",2018,"New Jersey",20183000,"Quinnipiac University","3/8/18",1052,32,NA,2018,1,0,0,5.440680607,55.1,-243,NA,NA,-1,1,21.06269492,NA
"225","2018NJMenendez",2018,"New Jersey",20183000,"Fairleigh Dickinson University (PublicMind)","5/16/18",856,28,NA,2018,0,1,1,5.440680607,55.1,-174,NA,NA,1,4,78.93730508,NA
"226","2018NJMenendez",2018,"New Jersey",20183000,"Quinnipiac University","8/15/18",908,43,NA,2018,0,1,1,5.440680607,55.1,-83,NA,NA,1,4,78.93730508,NA
"227","2018NJMenendez",2018,"New Jersey",20183000,"Quinnipiac University","3/8/18",1052,49,NA,2018,0,1,1,5.440680607,55.1,-243,NA,NA,1,4,78.93730508,NA
"228","2018NJMenendez",2018,"New Jersey",20183000,"Gravis Marketing","7/6/18",563,43,NA,2018,0,1,1,5.440680607,55.1,-123,NA,NA,1,4,78.93730508,NA
"229","2018NJMenendez",2018,"New Jersey",20183000,"Gravis Marketing","8/14/18",753,40,NA,2018,0,1,1,5.440680607,55.1,-84,NA,NA,1,4,78.93730508,NA
"230","2018NJMenendez",2018,"New Jersey",20183000,"Monmouth University","4/6/18",632,53,NA,2018,0,1,1,5.440680607,55.1,-214,NA,NA,1,4,78.93730508,NA
"231","2018NVHeller",2018,"Nevada",20182800,"Suffolk University","9/5/18",500,41,NA,2018,1,0,1,0.039999588,55.1,-62,NA,NA,1,4,39.7810834,NA
"232","2018NVHeller",2018,"Nevada",20182800,"Public Policy Polling","6/23/17",648,41,NA,2018,1,0,1,0.039999588,55.1,-501,NA,NA,1,4,39.7810834,NA
"233","2018NVHeller",2018,"Nevada",20182800,"Gravis Marketing","6/23/18",630,41,NA,2018,1,0,1,0.039999588,55.1,-136,NA,NA,1,4,39.7810834,NA
"234","2018NVHeller",2018,"Nevada",20182800,"Mellman Group","4/12/18",600,40,NA,2018,1,0,1,0.039999588,55.1,-208,NA,NA,1,4,39.7810834,NA
"235","2018NVHeller",2018,"Nevada",20182800,"Suffolk University","7/24/18",500,41,NA,2018,1,0,1,0.039999588,55.1,-105,NA,NA,1,4,39.7810834,NA
"236","2018NVHeller",2018,"Nevada",20182800,"SurveyMonkey","4/2/18",1332,44,NA,2018,1,0,1,0.039999588,55.1,-218,NA,NA,1,4,39.7810834,NA
"237","2018NVHeller",2018,"Nevada",20182800,"SurveyMonkey","6/11/18",992,47,NA,2018,1,0,1,0.039999588,55.1,-148,NA,NA,1,4,39.7810834,NA
"238","2018NVRosen",2018,"Nevada",20182800,"Mellman Group","4/12/18",600,39,NA,2018,0,1,1,0.039999588,55.1,-208,NA,NA,-1,3,60.2189166,NA
"239","2018NVRosen",2018,"Nevada",20182800,"Suffolk University","7/24/18",500,40,NA,2018,0,1,1,0.039999588,55.1,-105,NA,NA,-1,3,60.2189166,NA
"240","2018NVRosen",2018,"Nevada",20182800,"Public Policy Polling","6/23/17",648,42,NA,2018,0,1,1,0.039999588,55.1,-501,NA,NA,-1,3,60.2189166,NA
"241","2018NVRosen",2018,"Nevada",20182800,"SurveyMonkey","4/2/18",1332,50,NA,2018,0,1,1,0.039999588,55.1,-218,NA,NA,-1,3,60.2189166,NA
"242","2018NVRosen",2018,"Nevada",20182800,"SurveyMonkey","6/11/18",992,49,NA,2018,0,1,1,0.039999588,55.1,-148,NA,NA,-1,3,60.2189166,NA
"243","2018NVRosen",2018,"Nevada",20182800,"Gravis Marketing","6/23/18",630,45,NA,2018,0,1,1,0.039999588,55.1,-136,NA,NA,-1,3,60.2189166,NA
"244","2018NVRosen",2018,"Nevada",20182800,"Suffolk University","9/5/18",500,42,NA,2018,0,1,1,0.039999588,55.1,-62,NA,NA,-1,3,60.2189166,NA
"245","2018NYFarley",2018,"New York",20183200,"Siena College","4/8/18",692,27,NA,2018,1,0,0,9.796951795,55.1,-212,NA,NA,-1,1,3.993397139,NA
"246","2018NYFarley",2018,"New York",20183200,"Siena College","3/11/18",772,24,NA,2018,1,0,0,9.796951795,55.1,-240,NA,NA,-1,1,3.993397139,NA
"247","2018NYFarley",2018,"New York",20183200,"Quinnipiac University","4/26/18",1076,23,NA,2018,1,0,0,9.796951795,55.1,-194,NA,NA,-1,1,3.993397139,NA
"248","2018NYFarley",2018,"New York",20183200,"Siena College","6/4/18",745,28,NA,2018,1,0,0,9.796951795,55.1,-155,NA,NA,-1,1,3.993397139,NA
"249","2018NYGillibrand",2018,"New York",20183200,"Siena College","4/8/18",692,58,NA,2018,0,1,1,9.796951795,55.1,-212,NA,NA,1,4,96.00660286,NA
"250","2018NYGillibrand",2018,"New York",20183200,"Siena College","6/4/18",745,61,NA,2018,0,1,1,9.796951795,55.1,-155,NA,NA,1,4,96.00660286,NA
"251","2018NYGillibrand",2018,"New York",20183200,"Quinnipiac University","4/26/18",1076,58,NA,2018,0,1,1,9.796951795,55.1,-194,NA,NA,1,4,96.00660286,NA
"252","2018NYGillibrand",2018,"New York",20183200,"Siena College","3/11/18",772,60,NA,2018,0,1,1,9.796951795,55.1,-240,NA,NA,1,4,96.00660286,NA
"253","2018OHBrown",2018,"Ohio",20183500,"Fallon Research & Communications","5/21/18",800,48,NA,2018,0,1,1,-4.171365879,55.1,-169,NA,NA,1,4,93.42536174,NA
"254","2018OHBrown",2018,"Ohio",20183500,"SurveyUSA","3/16/18",1408,52,NA,2018,0,1,1,-4.171365879,55.1,-235,NA,NA,1,4,93.42536174,NA
"255","2018OHBrown",2018,"Ohio",20183500,"Marist College","6/17/18",778,51,NA,2018,0,1,1,-4.171365879,55.1,-142,NA,NA,1,4,93.42536174,NA
"256","2018OHBrown",2018,"Ohio",20183500,"Baldwin Wallace University","2/28/18",1011,41,NA,2018,0,1,1,-4.171365879,55.1,-251,NA,NA,1,4,93.42536174,NA
"257","2018OHBrown",2018,"Ohio",20183500,"Quinnipiac University","6/7/18",1082,51,NA,2018,0,1,1,-4.171365879,55.1,-152,NA,NA,1,4,93.42536174,NA
"258","2018OHBrown",2018,"Ohio",20183500,"Suffolk University","6/6/18",500,53.4,NA,2018,0,1,1,-4.171365879,55.1,-153,NA,NA,1,4,93.42536174,NA
"259","2018OHBrown",2018,"Ohio",20183500,"SurveyMonkey","6/11/18",858,50,NA,2018,0,1,1,-4.171365879,55.1,-148,NA,NA,1,4,93.42536174,NA
"260","2018OHBrown",2018,"Ohio",20183500,"Morning Consult","9/2/18",1592,47,NA,2018,0,1,1,-4.171365879,55.1,-65,NA,NA,1,4,93.42536174,NA
"261","2018OHBrown",2018,"Ohio",20183500,"SurveyMonkey","2/12/18",1995,50,NA,2018,0,1,1,-4.171365879,55.1,-267,NA,NA,1,4,93.42536174,NA
"262","2018OHRenacci",2018,"Ohio",20183500,"Quinnipiac University","6/7/18",1082,34,NA,2018,1,0,1,-4.171365879,55.1,-152,NA,NA,-1,3,6.574638263,NA
"263","2018OHRenacci",2018,"Ohio",20183500,"Marist College","6/17/18",778,38,NA,2018,1,0,1,-4.171365879,55.1,-142,NA,NA,-1,3,6.574638263,NA
"264","2018OHRenacci",2018,"Ohio",20183500,"Baldwin Wallace University","2/28/18",1011,29,NA,2018,1,0,1,-4.171365879,55.1,-251,NA,NA,-1,3,6.574638263,NA
"265","2018OHRenacci",2018,"Ohio",20183500,"Suffolk University","6/6/18",500,36.6,NA,2018,1,0,1,-4.171365879,55.1,-153,NA,NA,-1,3,6.574638263,NA
"266","2018OHRenacci",2018,"Ohio",20183500,"SurveyMonkey","6/11/18",858,47,NA,2018,1,0,1,-4.171365879,55.1,-148,NA,NA,-1,3,6.574638263,NA
"267","2018OHRenacci",2018,"Ohio",20183500,"Fallon Research & Communications","5/21/18",800,34,NA,2018,1,0,1,-4.171365879,55.1,-169,NA,NA,-1,3,6.574638263,NA
"268","2018OHRenacci",2018,"Ohio",20183500,"SurveyMonkey","2/12/18",1995,45,NA,2018,1,0,1,-4.171365879,55.1,-267,NA,NA,-1,3,6.574638263,NA
"269","2018OHRenacci",2018,"Ohio",20183500,"SurveyUSA","3/16/18",1408,38,NA,2018,1,0,1,-4.171365879,55.1,-235,NA,NA,-1,3,6.574638263,NA
"270","2018OHRenacci",2018,"Ohio",20183500,"Morning Consult","9/2/18",1592,31,NA,2018,1,0,1,-4.171365879,55.1,-65,NA,NA,-1,3,6.574638263,NA
"271","2018PABarletta",2018,"Pennsylvania",20183800,"Suffolk University","6/21/18",500,31.6,NA,2018,1,0,1,0.390350973,55.1,-138,NA,NA,-1,3,22.16914472,NA
"272","2018PABarletta",2018,"Pennsylvania",20183800,"Marist College","8/12/18",713,38,NA,2018,1,0,1,0.390350973,55.1,-86,NA,NA,-1,3,22.16914472,NA
"273","2018PABarletta",2018,"Pennsylvania",20183800,"Franklin & Marshall College","8/20/18",222,34,NA,2018,1,0,1,0.390350973,55.1,-78,NA,NA,-1,3,22.16914472,NA
"274","2018PABarletta",2018,"Pennsylvania",20183800,"SurveyMonkey","6/11/18",892,43,NA,2018,1,0,1,0.390350973,55.1,-148,NA,NA,-1,3,22.16914472,NA
"275","2018PABarletta",2018,"Pennsylvania",20183800,"Muhlenberg College","4/4/18",414,32,NA,2018,1,0,1,0.390350973,55.1,-216,NA,NA,-1,3,22.16914472,NA
"276","2018PABarletta",2018,"Pennsylvania",20183800,"Franklin & Marshall College","3/19/18",423,25,NA,2018,1,0,1,0.390350973,55.1,-232,NA,NA,-1,3,22.16914472,NA
"277","2018PABarletta",2018,"Pennsylvania",20183800,"SurveyMonkey","2/12/18",2165,43,NA,2018,1,0,1,0.390350973,55.1,-267,NA,NA,-1,3,22.16914472,NA
"278","2018PABarletta",2018,"Pennsylvania",20183800,"Franklin & Marshall College","6/4/18",472,27,NA,2018,1,0,1,0.390350973,55.1,-155,NA,NA,-1,3,22.16914472,NA
"279","2018PACasey",2018,"Pennsylvania",20183800,"Muhlenberg College","4/4/18",414,48,NA,2018,0,1,1,0.390350973,55.1,-216,NA,NA,1,4,77.83085528,NA
"280","2018PACasey",2018,"Pennsylvania",20183800,"Franklin & Marshall College","6/4/18",472,44,NA,2018,0,1,1,0.390350973,55.1,-155,NA,NA,1,4,77.83085528,NA
"281","2018PACasey",2018,"Pennsylvania",20183800,"Marist College","8/12/18",713,53,NA,2018,0,1,1,0.390350973,55.1,-86,NA,NA,1,4,77.83085528,NA
"282","2018PACasey",2018,"Pennsylvania",20183800,"Suffolk University","6/21/18",500,47,NA,2018,0,1,1,0.390350973,55.1,-138,NA,NA,1,4,77.83085528,NA
"283","2018PACasey",2018,"Pennsylvania",20183800,"Franklin & Marshall College","8/20/18",222,47,NA,2018,0,1,1,0.390350973,55.1,-78,NA,NA,1,4,77.83085528,NA
"284","2018PACasey",2018,"Pennsylvania",20183800,"SurveyMonkey","2/12/18",2165,52,NA,2018,0,1,1,0.390350973,55.1,-267,NA,NA,1,4,77.83085528,NA
"285","2018PACasey",2018,"Pennsylvania",20183800,"Franklin & Marshall College","3/19/18",423,43,NA,2018,0,1,1,0.390350973,55.1,-232,NA,NA,1,4,77.83085528,NA
"286","2018PACasey",2018,"Pennsylvania",20183800,"SurveyMonkey","6/11/18",892,54,NA,2018,0,1,1,0.390350973,55.1,-148,NA,NA,1,4,77.83085528,NA
"287","2018RIFlanders",2018,"Rhode Island",20183900,"SocialSphere","5/30/18",501,32,NA,2018,1,0,0,8.381222974,55.1,-160,NA,NA,-1,1,17.00726176,NA
"288","2018RIWhitehouse",2018,"Rhode Island",20183900,"SocialSphere","5/30/18",501,54,NA,2018,0,1,1,8.381222974,55.1,-160,NA,NA,1,4,82.99273824,NA
"289","2018TNBlackburn",2018,"Tennessee",20184200,"Mason-Dixon Polling & Research Inc.","4/17/18",625,43,NA,2018,1,0,1,-14.12184488,55.1,-203,NA,NA,0,3,54.88865324,NA
"290","2018TNBlackburn",2018,"Tennessee",20184200,"Emerson College","7/11/18",657,37,NA,2018,1,0,1,-14.12184488,55.1,-118,NA,NA,0,3,54.88865324,NA
"291","2018TNBlackburn",2018,"Tennessee",20184200,"Gravis Marketing","8/9/18",620,48,NA,2018,1,0,1,-14.12184488,55.1,-89,NA,NA,0,3,54.88865324,NA
"292","2018TNBlackburn",2018,"Tennessee",20184200,"Middle Tennessee State University","3/22/18",600,35,NA,2018,1,0,1,-14.12184488,55.1,-229,NA,NA,0,3,54.88865324,NA
"293","2018TNBlackburn",2018,"Tennessee",20184200,"Fox News/Anderson Robbins Research/Shaw & Co. Research","9/8/18",686,47,NA,2018,1,0,1,-14.12184488,55.1,-59,NA,NA,0,3,54.88865324,NA
"294","2018TNBlackburn",2018,"Tennessee",20184200,"SurveyMonkey","4/2/18",1638,47,NA,2018,1,0,1,-14.12184488,55.1,-218,NA,NA,0,3,54.88865324,NA
"295","2018TNBlackburn",2018,"Tennessee",20184200,"Marist College","8/25/18",538,46,NA,2018,1,0,1,-14.12184488,55.1,-73,NA,NA,0,3,54.88865324,NA
"296","2018TNBlackburn",2018,"Tennessee",20184200,"Triton Polling & Research","1/21/18",1003,50.7,NA,2018,1,0,1,-14.12184488,55.1,-289,NA,NA,0,3,54.88865324,NA
"297","2018TNBlackburn",2018,"Tennessee",20184200,"SurveyMonkey","6/11/18",790,58,NA,2018,1,0,1,-14.12184488,55.1,-148,NA,NA,0,3,54.88865324,NA
"298","2018TNBlackburn",2018,"Tennessee",20184200,"Gravis Marketing","12/11/17",563,40,NA,2018,1,0,1,-14.12184488,55.1,-330,NA,NA,0,3,54.88865324,NA
"299","2018TNBredesen",2018,"Tennessee",20184200,"Fox News/Anderson Robbins Research/Shaw & Co. Research","9/8/18",686,44,NA,2018,0,1,1,-14.12184488,55.1,-59,NA,NA,0,4,45.11134676,NA
"300","2018TNBredesen",2018,"Tennessee",20184200,"Gravis Marketing","8/9/18",620,44,NA,2018,0,1,1,-14.12184488,55.1,-89,NA,NA,0,4,45.11134676,NA
"301","2018TNBredesen",2018,"Tennessee",20184200,"Middle Tennessee State University","3/22/18",600,45,NA,2018,0,1,1,-14.12184488,55.1,-229,NA,NA,0,4,45.11134676,NA
"302","2018TNBredesen",2018,"Tennessee",20184200,"Triton Polling & Research","1/21/18",1003,39.7,NA,2018,0,1,1,-14.12184488,55.1,-289,NA,NA,0,4,45.11134676,NA
"303","2018TNBredesen",2018,"Tennessee",20184200,"Emerson College","7/11/18",657,43,NA,2018,0,1,1,-14.12184488,55.1,-118,NA,NA,0,4,45.11134676,NA
"304","2018TNBredesen",2018,"Tennessee",20184200,"Mason-Dixon Polling & Research Inc.","4/17/18",625,46,NA,2018,0,1,1,-14.12184488,55.1,-203,NA,NA,0,4,45.11134676,NA
"305","2018TNBredesen",2018,"Tennessee",20184200,"SurveyMonkey","6/11/18",918,40,NA,2018,0,1,1,-14.12184488,55.1,-148,NA,NA,0,4,45.11134676,NA
"306","2018TNBredesen",2018,"Tennessee",20184200,"SurveyMonkey","4/2/18",1638,48,NA,2018,0,1,1,-14.12184488,55.1,-218,NA,NA,0,4,45.11134676,NA
"307","2018TNBredesen",2018,"Tennessee",20184200,"Marist College","8/25/18",538,48,NA,2018,0,1,1,-14.12184488,55.1,-73,NA,NA,0,4,45.11134676,NA
"308","2018TNBredesen",2018,"Tennessee",20184200,"Gravis Marketing","12/11/17",563,42,NA,2018,0,1,1,-14.12184488,55.1,-330,NA,NA,0,4,45.11134676,NA
"309","2018TXCruz",2018,"Texas",20184300,"Texas Lyceum","4/3/17",1000,30,NA,2018,1,0,1,-7.023984994,55.1,-582,NA,NA,1,4,29.43982995,NA
"310","2018TXCruz",2018,"Texas",20184300,"Rasmussen Reports/Pulse Opinion Research","9/6/18",800,47,NA,2018,1,0,1,-7.023984994,55.1,-61,NA,NA,1,4,29.43982995,NA
"311","2018TXCruz",2018,"Texas",20184300,"Quinnipiac University","4/12/18",1029,47,NA,2018,1,0,1,-7.023984994,55.1,-208,NA,NA,1,4,29.43982995,NA
"312","2018TXCruz",2018,"Texas",20184300,"Gravis Marketing","7/3/18",602,51,NA,2018,1,0,1,-7.023984994,55.1,-126,NA,NA,1,4,29.43982995,NA
"313","2018TXCruz",2018,"Texas",20184300,"Quinnipiac University","7/26/18",1118,49,NA,2018,1,0,1,-7.023984994,55.1,-103,NA,NA,1,4,29.43982995,NA
"314","2018TXCruz",2018,"Texas",20184300,"Quinnipiac University","5/23/18",961,50,NA,2018,1,0,1,-7.023984994,55.1,-167,NA,NA,1,4,29.43982995,NA
"315","2018TXCruz",2018,"Texas",20184300,"Texas Lyceum","7/9/18",441,41,NA,2018,1,0,1,-7.023984994,55.1,-120,NA,NA,1,4,29.43982995,NA
"316","2018TXCruz",2018,"Texas",20184300,"YouGov","6/8/18",1200,41,NA,2018,1,0,1,-7.023984994,55.1,-151,NA,NA,1,4,29.43982995,NA
"317","2018TXCruz",2018,"Texas",20184300,"YouGov","6/19/18",821,50,NA,2018,1,0,1,-7.023984994,55.1,-140,NA,NA,1,4,29.43982995,NA
"318","2018TXCruz",2018,"Texas",20184300,"Marist College","8/12/18",759,49,NA,2018,1,0,1,-7.023984994,55.1,-86,NA,NA,1,4,29.43982995,NA
"319","2018TXCruz",2018,"Texas",20184300,"JMC Enterprises","5/19/18",575,47,NA,2018,1,0,1,-7.023984994,55.1,-171,NA,NA,1,4,29.43982995,NA
"320","2018TXCruz",2018,"Texas",20184300,"Dixie Strategies","9/6/18",519,45.87,NA,2018,1,0,1,-7.023984994,55.1,-61,NA,NA,1,4,29.43982995,NA
"321","2018TXCruz",2018,"Texas",20184300,"Emerson College","8/22/18",550,38,NA,2018,1,0,1,-7.023984994,55.1,-76,NA,NA,1,4,29.43982995,NA
"322","2018TXO'Rourke",2018,"Texas",20184300,"Rasmussen Reports/Pulse Opinion Research","9/6/18",800,44,NA,2018,0,1,1,-7.023984994,55.1,-61,NA,NA,-1,3,70.56017005,NA
"323","2018TXO'Rourke",2018,"Texas",20184300,"Texas Lyceum","4/3/17",1000,30,NA,2018,0,1,1,-7.023984994,55.1,-582,NA,NA,-1,3,70.56017005,NA
"324","2018TXO'Rourke",2018,"Texas",20184300,"Texas Lyceum","7/9/18",441,39,NA,2018,0,1,1,-7.023984994,55.1,-120,NA,NA,-1,3,70.56017005,NA
"325","2018TXO'Rourke",2018,"Texas",20184300,"Quinnipiac University","4/12/18",1029,44,NA,2018,0,1,1,-7.023984994,55.1,-208,NA,NA,-1,3,70.56017005,NA
"326","2018TXO'Rourke",2018,"Texas",20184300,"Quinnipiac University","5/23/18",961,39,NA,2018,0,1,1,-7.023984994,55.1,-167,NA,NA,-1,3,70.56017005,NA
"327","2018TXO'Rourke",2018,"Texas",20184300,"Quinnipiac University","7/26/18",1118,43,NA,2018,0,1,1,-7.023984994,55.1,-103,NA,NA,-1,3,70.56017005,NA
"328","2018TXO'Rourke",2018,"Texas",20184300,"Dixie Strategies","9/6/18",519,41.74,NA,2018,0,1,1,-7.023984994,55.1,-61,NA,NA,-1,3,70.56017005,NA
"329","2018TXO'Rourke",2018,"Texas",20184300,"YouGov","6/19/18",821,40,NA,2018,0,1,1,-7.023984994,55.1,-140,NA,NA,-1,3,70.56017005,NA
"330","2018TXO'Rourke",2018,"Texas",20184300,"YouGov","6/8/18",1200,36,NA,2018,0,1,1,-7.023984994,55.1,-151,NA,NA,-1,3,70.56017005,NA
"331","2018TXO'Rourke",2018,"Texas",20184300,"JMC Enterprises","5/19/18",575,40,NA,2018,0,1,1,-7.023984994,55.1,-171,NA,NA,-1,3,70.56017005,NA
"332","2018TXO'Rourke",2018,"Texas",20184300,"Marist College","8/12/18",759,45,NA,2018,0,1,1,-7.023984994,55.1,-86,NA,NA,-1,3,70.56017005,NA
"333","2018TXO'Rourke",2018,"Texas",20184300,"Gravis Marketing","7/3/18",602,42,NA,2018,0,1,1,-7.023984994,55.1,-126,NA,NA,-1,3,70.56017005,NA
"334","2018TXO'Rourke",2018,"Texas",20184300,"Emerson College","8/22/18",550,37,NA,2018,0,1,1,-7.023984994,55.1,-76,NA,NA,-1,3,70.56017005,NA
"335","2018UTRomney",2018,"Utah",20184400,"Dan Jones & Associates","8/30/17",608,64,NA,2018,1,0,1,-16.22280025,55.1,-433,NA,NA,0,4,83.13316754,NA
"336","2018UTRomney",2018,"Utah",20184400,"University of Utah","6/11/18",654,58,NA,2018,1,0,1,-16.22280025,55.1,-148,NA,NA,0,4,83.13316754,NA
"337","2018UTRomney",2018,"Utah",20184400,"Dan Jones & Associates","8/22/18",809,55,NA,2018,1,0,1,-16.22280025,55.1,-76,NA,NA,0,4,83.13316754,NA
"338","2018UTRomney",2018,"Utah",20184400,"Dan Jones & Associates","11/16/17",600,72,NA,2018,1,0,1,-16.22280025,55.1,-355,NA,NA,0,4,83.13316754,NA
"339","2018UTRomney",2018,"Utah",20184400,"Dan Jones & Associates","1/15/18",803,64,NA,2018,1,0,1,-16.22280025,55.1,-295,NA,NA,0,4,83.13316754,NA
"340","2018UTRomney",2018,"Utah",20184400,"Lighthouse Research","8/11/18",2400,58.6,NA,2018,1,0,1,-16.22280025,55.1,-87,NA,NA,0,4,83.13316754,NA
"341","2018UTWilson",2018,"Utah",20184400,"Dan Jones & Associates","11/16/17",600,21,NA,2018,0,1,1,-16.22280025,55.1,-355,NA,NA,0,2,16.86683246,NA
"342","2018UTWilson",2018,"Utah",20184400,"Dan Jones & Associates","8/22/18",809,29,NA,2018,0,1,1,-16.22280025,55.1,-76,NA,NA,0,2,16.86683246,NA
"343","2018UTWilson",2018,"Utah",20184400,"Dan Jones & Associates","8/30/17",608,26,NA,2018,0,1,1,-16.22280025,55.1,-433,NA,NA,0,2,16.86683246,NA
"344","2018UTWilson",2018,"Utah",20184400,"University of Utah","6/11/18",654,20,NA,2018,0,1,1,-16.22280025,55.1,-148,NA,NA,0,2,16.86683246,NA
"345","2018UTWilson",2018,"Utah",20184400,"Lighthouse Research","8/11/18",2400,18.6,NA,2018,0,1,1,-16.22280025,55.1,-87,NA,NA,0,2,16.86683246,NA
"346","2018UTWilson",2018,"Utah",20184400,"Dan Jones & Associates","1/15/18",803,19,NA,2018,0,1,1,-16.22280025,55.1,-295,NA,NA,0,2,16.86683246,NA
"347","2018VAKaine",2018,"Virginia",20184600,"Quinnipiac University","6/21/18",1153,54,NA,2018,0,1,1,0.727101238,55.1,-138,NA,NA,1,4,86.66982779,NA
"348","2018VAKaine",2018,"Virginia",20184600,"Cygnal","8/22/18",1119,50.2,NA,2018,0,1,1,0.727101238,55.1,-76,NA,NA,1,4,86.66982779,NA
"349","2018VAKaine",2018,"Virginia",20184600,"Christopher Newport University","2/5/18",1562,56,NA,2018,0,1,1,0.727101238,55.1,-274,NA,NA,1,4,86.66982779,NA
"350","2018VAKaine",2018,"Virginia",20184600,"Roanoke College","5/20/18",555,44,NA,2018,0,1,1,0.727101238,55.1,-170,NA,NA,1,4,86.66982779,NA
"351","2018VAKaine",2018,"Virginia",20184600,"Princeton Survey Research Associates International","9/5/17",562,54,NA,2018,0,1,1,0.727101238,55.1,-427,NA,NA,1,4,86.66982779,NA
"352","2018VAKaine",2018,"Virginia",20184600,"Virginia Commonwealth University","7/10/18",747,49,NA,2018,0,1,1,0.727101238,55.1,-119,NA,NA,1,4,86.66982779,NA
"353","2018VAKaine",2018,"Virginia",20184600,"Roanoke College","8/12/18",512,51,NA,2018,0,1,1,0.727101238,55.1,-86,NA,NA,1,4,86.66982779,NA
"354","2018VAStewart",2018,"Virginia",20184600,"Christopher Newport University","2/5/18",1562,32,NA,2018,1,0,1,0.727101238,55.1,-274,NA,NA,-1,2,13.33017221,NA
"355","2018VAStewart",2018,"Virginia",20184600,"Virginia Commonwealth University","7/10/18",747,26,NA,2018,1,0,1,0.727101238,55.1,-119,NA,NA,-1,2,13.33017221,NA
"356","2018VAStewart",2018,"Virginia",20184600,"Princeton Survey Research Associates International","9/5/17",562,39,NA,2018,1,0,1,0.727101238,55.1,-427,NA,NA,-1,2,13.33017221,NA
"357","2018VAStewart",2018,"Virginia",20184600,"Roanoke College","5/20/18",555,33,NA,2018,1,0,1,0.727101238,55.1,-170,NA,NA,-1,2,13.33017221,NA
"358","2018VAStewart",2018,"Virginia",20184600,"Cygnal","8/22/18",1119,45.7,NA,2018,1,0,1,0.727101238,55.1,-76,NA,NA,-1,2,13.33017221,NA
"359","2018VAStewart",2018,"Virginia",20184600,"Quinnipiac University","6/21/18",1153,36,NA,2018,1,0,1,0.727101238,55.1,-138,NA,NA,-1,2,13.33017221,NA
"360","2018VAStewart",2018,"Virginia",20184600,"Roanoke College","8/12/18",512,34,NA,2018,1,0,1,0.727101238,55.1,-86,NA,NA,-1,2,13.33017221,NA
"361","2018WACantwell",2018,"Washington",20184700,"Public Policy Polling","5/22/18",675,52,NA,2018,0,1,1,4.727850992,55.1,-168,NA,NA,1,4,93.06308,NA
"362","2018WAHutchison",2018,"Washington",20184700,"Public Policy Polling","5/22/18",675,36,NA,2018,1,0,0,4.727850992,55.1,-168,NA,NA,-1,1,6.936920004,NA
"363","2018WIBaldwin",2018,"Wisconsin",20184900,"Emerson College","7/26/18",632,50,NA,2018,0,1,1,-1.482069759,55.1,-103,NA,NA,1,4,89.57394691,NA
"364","2018WIBaldwin",2018,"Wisconsin",20184900,"SurveyMonkey","6/11/18",897,57,NA,2018,0,1,1,-1.482069759,55.1,-148,NA,NA,1,4,89.57394691,NA
"365","2018WIBaldwin",2018,"Wisconsin",20184900,"Marquette University Law School","8/15/18",601,49,NA,2018,0,1,1,-1.482069759,55.1,-83,NA,NA,1,4,89.57394691,NA
"366","2018WIBaldwin",2018,"Wisconsin",20184900,"Marist College","7/15/18",906,55,NA,2018,0,1,1,-1.482069759,55.1,-114,NA,NA,1,4,89.57394691,NA
"367","2018WIBaldwin",2018,"Wisconsin",20184900,"Marquette University Law School","6/13/18",800,49,NA,2018,0,1,1,-1.482069759,55.1,-146,NA,NA,1,4,89.57394691,NA
"368","2018WIBaldwin",2018,"Wisconsin",20184900,"Suffolk University","8/18/18",500,49.8,NA,2018,0,1,1,-1.482069759,55.1,-80,NA,NA,1,4,89.57394691,NA
"369","2018WIVukmir",2018,"Wisconsin",20184900,"Emerson College","7/26/18",632,36,NA,2018,1,0,1,-1.482069759,55.1,-103,NA,NA,-1,2,10.42605309,NA
"370","2018WIVukmir",2018,"Wisconsin",20184900,"Marquette University Law School","8/15/18",601,47,NA,2018,1,0,1,-1.482069759,55.1,-83,NA,NA,-1,2,10.42605309,NA
"371","2018WIVukmir",2018,"Wisconsin",20184900,"Marquette University Law School","6/13/18",800,40,NA,2018,1,0,1,-1.482069759,55.1,-146,NA,NA,-1,2,10.42605309,NA
"372","2018WIVukmir",2018,"Wisconsin",20184900,"SurveyMonkey","6/11/18",897,41,NA,2018,1,0,1,-1.482069759,55.1,-148,NA,NA,-1,2,10.42605309,NA
"373","2018WIVukmir",2018,"Wisconsin",20184900,"Suffolk University","8/18/18",500,42.2,NA,2018,1,0,1,-1.482069759,55.1,-80,NA,NA,-1,2,10.42605309,NA
"374","2018WIVukmir",2018,"Wisconsin",20184900,"Marist College","7/15/18",906,38,NA,2018,1,0,1,-1.482069759,55.1,-114,NA,NA,-1,2,10.42605309,NA
"375","2018WVManchin",2018,"West Virginia",20184800,"Gravis Marketing","5/22/18",543,53,NA,2018,0,1,1,-13.38955503,55.1,-168,NA,NA,1,4,66.72114008,NA
"376","2018WVManchin",2018,"West Virginia",20184800,"Monmouth University","6/14/18",527,50.5,NA,2018,0,1,1,-13.38955503,55.1,-145,NA,NA,1,4,66.72114008,NA
"377","2018WVManchin",2018,"West Virginia",20184800,"Public Policy Polling","6/12/18",633,49,NA,2018,0,1,1,-13.38955503,55.1,-147,NA,NA,1,4,66.72114008,NA
"378","2018WVManchin",2018,"West Virginia",20184800,"Research America Inc.","8/11/17",400,51,NA,2018,0,1,1,-13.38955503,55.1,-452,NA,NA,1,4,66.72114008,NA
"379","2018WVManchin",2018,"West Virginia",20184800,"Trafalgar Group","7/13/18",1158,49.9,NA,2018,0,1,1,-13.38955503,55.1,-116,NA,NA,1,4,66.72114008,NA
"380","2018WVManchin",2018,"West Virginia",20184800,"Research America Inc.","8/16/18",404,46,NA,2018,0,1,1,-13.38955503,55.1,-82,NA,NA,1,4,66.72114008,NA
"381","2018WVManchin",2018,"West Virginia",20184800,"SurveyMonkey","6/11/18",800,54,NA,2018,0,1,1,-13.38955503,55.1,-148,NA,NA,1,4,66.72114008,NA
"382","2018WVManchin",2018,"West Virginia",20184800,"Zogby Interactive/JZ Analytics","9/27/17",320,45,NA,2018,0,1,1,-13.38955503,55.1,-405,NA,NA,1,4,66.72114008,NA
"383","2018WVManchin",2018,"West Virginia",20184800,"Harper Polling","11/16/16",500,57,NA,2018,0,1,1,-13.38955503,55.1,-720,NA,NA,1,4,66.72114008,NA
"384","2018WVManchin",2018,"West Virginia",20184800,"Wilson Perkins Allen Opinion Research","5/10/18",400,44,NA,2018,0,1,1,-13.38955503,55.1,-180,NA,NA,1,4,66.72114008,NA
"385","2018WVMorrisey",2018,"West Virginia",20184800,"Research America Inc.","8/11/17",400,37,NA,2018,1,0,1,-13.38955503,55.1,-452,NA,NA,-1,3,33.27885992,NA
"386","2018WVMorrisey",2018,"West Virginia",20184800,"Gravis Marketing","5/22/18",543,40,NA,2018,1,0,1,-13.38955503,55.1,-168,NA,NA,-1,3,33.27885992,NA
"387","2018WVMorrisey",2018,"West Virginia",20184800,"Research America Inc.","8/16/18",404,38,NA,2018,1,0,1,-13.38955503,55.1,-82,NA,NA,-1,3,33.27885992,NA
"388","2018WVMorrisey",2018,"West Virginia",20184800,"SurveyMonkey","6/11/18",800,41,NA,2018,1,0,1,-13.38955503,55.1,-148,NA,NA,-1,3,33.27885992,NA
"389","2018WVMorrisey",2018,"West Virginia",20184800,"Wilson Perkins Allen Opinion Research","5/10/18",400,46,NA,2018,1,0,1,-13.38955503,55.1,-180,NA,NA,-1,3,33.27885992,NA
"390","2018WVMorrisey",2018,"West Virginia",20184800,"Zogby Interactive/JZ Analytics","9/27/17",320,38,NA,2018,1,0,1,-13.38955503,55.1,-405,NA,NA,-1,3,33.27885992,NA
"391","2018WVMorrisey",2018,"West Virginia",20184800,"Trafalgar Group","7/13/18",1158,39.5,NA,2018,1,0,1,-13.38955503,55.1,-116,NA,NA,-1,3,33.27885992,NA
"392","2018WVMorrisey",2018,"West Virginia",20184800,"Harper Polling","11/16/16",500,35,NA,2018,1,0,1,-13.38955503,55.1,-720,NA,NA,-1,3,33.27885992,NA
"393","2018WVMorrisey",2018,"West Virginia",20184800,"Monmouth University","6/14/18",527,42.5,NA,2018,1,0,1,-13.38955503,55.1,-145,NA,NA,-1,3,33.27885992,NA
"394","2018WVMorrisey",2018,"West Virginia",20184800,"Public Policy Polling","6/12/18",633,42,NA,2018,1,0,1,-13.38955503,55.1,-147,NA,NA,-1,3,33.27885992,NA
"395",NA,NA,NA,NA,NA,NA,NA,NA,NA,NA,NA,NA,NA,NA,NA,NA,NA,NA,NA,NA,NA,NA
"396",NA,NA,NA,NA,NA,NA,NA,NA,NA,NA,NA,NA,NA,NA,NA,NA,NA,NA,NA,NA,NA,NA
"397",NA,NA,NA,NA,NA,NA,NA,NA,NA,NA,NA,NA,NA,NA,NA,NA,NA,NA,NA,NA,NA,NA
"398",NA,NA,NA,NA,NA,NA,NA,NA,NA,NA,NA,NA,NA,NA,NA,NA,NA,NA,NA,NA,NA,NA
"399",NA,NA,NA,NA,NA,NA,NA,NA,NA,NA,NA,NA,NA,NA,NA,NA,NA,NA,NA,NA,NA,NA
"400",NA,NA,NA,NA,NA,NA,NA,NA,NA,NA,NA,NA,NA,NA,NA,NA,NA,NA,NA,NA,NA,NA
"401",NA,NA,NA,NA,NA,NA,NA,NA,NA,NA,NA,NA,NA,NA,NA,NA,NA,NA,NA,NA,NA,NA
"402",NA,NA,NA,NA,NA,NA,NA,NA,NA,NA,NA,NA,NA,NA,NA,NA,NA,NA,NA,NA,NA,NA
"403",NA,NA,NA,NA,NA,NA,NA,NA,NA,NA,NA,NA,NA,NA,NA,NA,NA,NA,NA,NA,NA,NA
"404",NA,NA,NA,NA,NA,NA,NA,NA,NA,NA,NA,NA,NA,NA,NA,NA,NA,NA,NA,NA,NA,NA
"405",NA,NA,NA,NA,NA,NA,NA,NA,NA,NA,NA,NA,NA,NA,NA,NA,NA,NA,NA,NA,NA,NA
"406",NA,NA,NA,NA,NA,NA,NA,NA,NA,NA,NA,NA,NA,NA,NA,NA,NA,NA,NA,NA,NA,NA
"407",NA,NA,NA,NA,NA,NA,NA,NA,NA,NA,NA,NA,NA,NA,NA,NA,NA,NA,NA,NA,NA,NA
"408",NA,NA,NA,NA,NA,NA,NA,NA,NA,NA,NA,NA,NA,NA,NA,NA,NA,NA,NA,NA,NA,NA
"409",NA,NA,NA,NA,NA,NA,NA,NA,NA,NA,NA,NA,NA,NA,NA,NA,NA,NA,NA,NA,NA,NA
"410",NA,NA,NA,NA,NA,NA,NA,NA,NA,NA,NA,NA,NA,NA,NA,NA,NA,NA,NA,NA,NA,NA
"411",NA,NA,NA,NA,NA,NA,NA,NA,NA,NA,NA,NA,NA,NA,NA,NA,NA,NA,NA,NA,NA,NA
"412",NA,NA,NA,NA,NA,NA,NA,NA,NA,NA,NA,NA,NA,NA,NA,NA,NA,NA,NA,NA,NA,NA
"413",NA,NA,NA,NA,NA,NA,NA,NA,NA,NA,NA,NA,NA,NA,NA,NA,NA,NA,NA,NA,NA,NA
"414",NA,NA,NA,NA,NA,NA,NA,NA,NA,NA,NA,NA,NA,NA,NA,NA,NA,NA,NA,NA,NA,NA
"415",NA,NA,NA,NA,NA,NA,NA,NA,NA,NA,NA,NA,NA,NA,NA,NA,NA,NA,NA,NA,NA,NA
"416",NA,NA,NA,NA,NA,NA,NA,NA,NA,NA,NA,NA,NA,NA,NA,NA,NA,NA,NA,NA,NA,NA
"417",NA,NA,NA,NA,NA,NA,NA,NA,NA,NA,NA,NA,NA,NA,NA,NA,NA,NA,NA,NA,NA,NA
"418",NA,NA,NA,NA,NA,NA,NA,NA,NA,NA,NA,NA,NA,NA,NA,NA,NA,NA,NA,NA,NA,NA
"419",NA,NA,NA,NA,NA,NA,NA,NA,NA,NA,NA,NA,NA,NA,NA,NA,NA,NA,NA,NA,NA,NA
"420",NA,NA,NA,NA,NA,NA,NA,NA,NA,NA,NA,NA,NA,NA,NA,NA,NA,NA,NA,NA,NA,NA
"421",NA,NA,NA,NA,NA,NA,NA,NA,NA,NA,NA,NA,NA,NA,NA,NA,NA,NA,NA,NA,NA,NA
"422",NA,NA,NA,NA,NA,NA,NA,NA,NA,NA,NA,NA,NA,NA,NA,NA,NA,NA,NA,NA,NA,NA
"423",NA,NA,NA,NA,NA,NA,NA,NA,NA,NA,NA,NA,NA,NA,NA,NA,NA,NA,NA,NA,NA,NA
"424",NA,NA,NA,NA,NA,NA,NA,NA,NA,NA,NA,NA,NA,NA,NA,NA,NA,NA,NA,NA,NA,NA
"425",NA,NA,NA,NA,NA,NA,NA,NA,NA,NA,NA,NA,NA,NA,NA,NA,NA,NA,NA,NA,NA,NA
"426",NA,NA,NA,NA,NA,NA,NA,NA,NA,NA,NA,NA,NA,NA,NA,NA,NA,NA,NA,NA,NA,NA
"427",NA,NA,NA,NA,NA,NA,NA,NA,NA,NA,NA,NA,NA,NA,NA,NA,NA,NA,NA,NA,NA,NA
"428",NA,NA,NA,NA,NA,NA,NA,NA,NA,NA,NA,NA,NA,NA,NA,NA,NA,NA,NA,NA,NA,NA
"429",NA,NA,NA,NA,NA,NA,NA,NA,NA,NA,NA,NA,NA,NA,NA,NA,NA,NA,NA,NA,NA,NA
"430",NA,NA,NA,NA,NA,NA,NA,NA,NA,NA,NA,NA,NA,NA,NA,NA,NA,NA,NA,NA,NA,NA
"431",NA,NA,NA,NA,NA,NA,NA,NA,NA,NA,NA,NA,NA,NA,NA,NA,NA,NA,NA,NA,NA,NA
"432",NA,NA,NA,NA,NA,NA,NA,NA,NA,NA,NA,NA,NA,NA,NA,NA,NA,NA,NA,NA,NA,NA
"433",NA,NA,NA,NA,NA,NA,NA,NA,NA,NA,NA,NA,NA,NA,NA,NA,NA,NA,NA,NA,NA,NA
"434",NA,NA,NA,NA,NA,NA,NA,NA,NA,NA,NA,NA,NA,NA,NA,NA,NA,NA,NA,NA,NA,NA
"435",NA,NA,NA,NA,NA,NA,NA,NA,NA,NA,NA,NA,NA,NA,NA,NA,NA,NA,NA,NA,NA,NA
"436",NA,NA,NA,NA,NA,NA,NA,NA,NA,NA,NA,NA,NA,NA,NA,NA,NA,NA,NA,NA,NA,NA
"437",NA,NA,NA,NA,NA,NA,NA,NA,NA,NA,NA,NA,NA,NA,NA,NA,NA,NA,NA,NA,NA,NA
"438",NA,NA,NA,NA,NA,NA,NA,NA,NA,NA,NA,NA,NA,NA,NA,NA,NA,NA,NA,NA,NA,NA
"439",NA,NA,NA,NA,NA,NA,NA,NA,NA,NA,NA,NA,NA,NA,NA,NA,NA,NA,NA,NA,NA,NA
"440",NA,NA,NA,NA,NA,NA,NA,NA,NA,NA,NA,NA,NA,NA,NA,NA,NA,NA,NA,NA,NA,NA
"441",NA,NA,NA,NA,NA,NA,NA,NA,NA,NA,NA,NA,NA,NA,NA,NA,NA,NA,NA,NA,NA,NA
"442",NA,NA,NA,NA,NA,NA,NA,NA,NA,NA,NA,NA,NA,NA,NA,NA,NA,NA,NA,NA,NA,NA
"443",NA,NA,NA,NA,NA,NA,NA,NA,NA,NA,NA,NA,NA,NA,NA,NA,NA,NA,NA,NA,NA,NA
"444",NA,NA,NA,NA,NA,NA,NA,NA,NA,NA,NA,NA,NA,NA,NA,NA,NA,NA,NA,NA,NA,NA
"445",NA,NA,NA,NA,NA,NA,NA,NA,NA,NA,NA,NA,NA,NA,NA,NA,NA,NA,NA,NA,NA,NA
"446",NA,NA,NA,NA,NA,NA,NA,NA,NA,NA,NA,NA,NA,NA,NA,NA,NA,NA,NA,NA,NA,NA
"447",NA,NA,NA,NA,NA,NA,NA,NA,NA,NA,NA,NA,NA,NA,NA,NA,NA,NA,NA,NA,NA,NA
"448",NA,NA,NA,NA,NA,NA,NA,NA,NA,NA,NA,NA,NA,NA,NA,NA,NA,NA,NA,NA,NA,NA
"449",NA,NA,NA,NA,NA,NA,NA,NA,NA,NA,NA,NA,NA,NA,NA,NA,NA,NA,NA,NA,NA,NA
"450",NA,NA,NA,NA,NA,NA,NA,NA,NA,NA,NA,NA,NA,NA,NA,NA,NA,NA,NA,NA,NA,NA
"451",NA,NA,NA,NA,NA,NA,NA,NA,NA,NA,NA,NA,NA,NA,NA,NA,NA,NA,NA,NA,NA,NA
"452",NA,NA,NA,NA,NA,NA,NA,NA,NA,NA,NA,NA,NA,NA,NA,NA,NA,NA,NA,NA,NA,NA
"453",NA,NA,NA,NA,NA,NA,NA,NA,NA,NA,NA,NA,NA,NA,NA,NA,NA,NA,NA,NA,NA,NA
"454",NA,NA,NA,NA,NA,NA,NA,NA,NA,NA,NA,NA,NA,NA,NA,NA,NA,NA,NA,NA,NA,NA
"455",NA,NA,NA,NA,NA,NA,NA,NA,NA,NA,NA,NA,NA,NA,NA,NA,NA,NA,NA,NA,NA,NA
"456",NA,NA,NA,NA,NA,NA,NA,NA,NA,NA,NA,NA,NA,NA,NA,NA,NA,NA,NA,NA,NA,NA
"457",NA,NA,NA,NA,NA,NA,NA,NA,NA,NA,NA,NA,NA,NA,NA,NA,NA,NA,NA,NA,NA,NA
"458",NA,NA,NA,NA,NA,NA,NA,NA,NA,NA,NA,NA,NA,NA,NA,NA,NA,NA,NA,NA,NA,NA
"459",NA,NA,NA,NA,NA,NA,NA,NA,NA,NA,NA,NA,NA,NA,NA,NA,NA,NA,NA,NA,NA,NA
"460",NA,NA,NA,NA,NA,NA,NA,NA,NA,NA,NA,NA,NA,NA,NA,NA,NA,NA,NA,NA,NA,NA
"461",NA,NA,NA,NA,NA,NA,NA,NA,NA,NA,NA,NA,NA,NA,NA,NA,NA,NA,NA,NA,NA,NA
"462",NA,NA,NA,NA,NA,NA,NA,NA,NA,NA,NA,NA,NA,NA,NA,NA,NA,NA,NA,NA,NA,NA
"463",NA,NA,NA,NA,NA,NA,NA,NA,NA,NA,NA,NA,NA,NA,NA,NA,NA,NA,NA,NA,NA,NA
"464",NA,NA,NA,NA,NA,NA,NA,NA,NA,NA,NA,NA,NA,NA,NA,NA,NA,NA,NA,NA,NA,NA
"465",NA,NA,NA,NA,NA,NA,NA,NA,NA,NA,NA,NA,NA,NA,NA,NA,NA,NA,NA,NA,NA,NA
"466",NA,NA,NA,NA,NA,NA,NA,NA,NA,NA,NA,NA,NA,NA,NA,NA,NA,NA,NA,NA,NA,NA
"467",NA,NA,NA,NA,NA,NA,NA,NA,NA,NA,NA,NA,NA,NA,NA,NA,NA,NA,NA,NA,NA,NA
"468",NA,NA,NA,NA,NA,NA,NA,NA,NA,NA,NA,NA,NA,NA,NA,NA,NA,NA,NA,NA,NA,NA
"469",NA,NA,NA,NA,NA,NA,NA,NA,NA,NA,NA,NA,NA,NA,NA,NA,NA,NA,NA,NA,NA,NA
"470",NA,NA,NA,NA,NA,NA,NA,NA,NA,NA,NA,NA,NA,NA,NA,NA,NA,NA,NA,NA,NA,NA
"471",NA,NA,NA,NA,NA,NA,NA,NA,NA,NA,NA,NA,NA,NA,NA,NA,NA,NA,NA,NA,NA,NA
"472",NA,NA,NA,NA,NA,NA,NA,NA,NA,NA,NA,NA,NA,NA,NA,NA,NA,NA,NA,NA,NA,NA
"473",NA,NA,NA,NA,NA,NA,NA,NA,NA,NA,NA,NA,NA,NA,NA,NA,NA,NA,NA,NA,NA,NA
"474",NA,NA,NA,NA,NA,NA,NA,NA,NA,NA,NA,NA,NA,NA,NA,NA,NA,NA,NA,NA,NA,NA
"475",NA,NA,NA,NA,NA,NA,NA,NA,NA,NA,NA,NA,NA,NA,NA,NA,NA,NA,NA,NA,NA,NA
"476",NA,NA,NA,NA,NA,NA,NA,NA,NA,NA,NA,NA,NA,NA,NA,NA,NA,NA,NA,NA,NA,NA
"477",NA,NA,NA,NA,NA,NA,NA,NA,NA,NA,NA,NA,NA,NA,NA,NA,NA,NA,NA,NA,NA,NA
"478",NA,NA,NA,NA,NA,NA,NA,NA,NA,NA,NA,NA,NA,NA,NA,NA,NA,NA,NA,NA,NA,NA
"479",NA,NA,NA,NA,NA,NA,NA,NA,NA,NA,NA,NA,NA,NA,NA,NA,NA,NA,NA,NA,NA,NA
"480",NA,NA,NA,NA,NA,NA,NA,NA,NA,NA,NA,NA,NA,NA,NA,NA,NA,NA,NA,NA,NA,NA
"481",NA,NA,NA,NA,NA,NA,NA,NA,NA,NA,NA,NA,NA,NA,NA,NA,NA,NA,NA,NA,NA,NA
"482",NA,NA,NA,NA,NA,NA,NA,NA,NA,NA,NA,NA,NA,NA,NA,NA,NA,NA,NA,NA,NA,NA
"483",NA,NA,NA,NA,NA,NA,NA,NA,NA,NA,NA,NA,NA,NA,NA,NA,NA,NA,NA,NA,NA,NA
"484",NA,NA,NA,NA,NA,NA,NA,NA,NA,NA,NA,NA,NA,NA,NA,NA,NA,NA,NA,NA,NA,NA
"485",NA,NA,NA,NA,NA,NA,NA,NA,NA,NA,NA,NA,NA,NA,NA,NA,NA,NA,NA,NA,NA,NA
"486",NA,NA,NA,NA,NA,NA,NA,NA,NA,NA,NA,NA,NA,NA,NA,NA,NA,NA,NA,NA,NA,NA
"487",NA,NA,NA,NA,NA,NA,NA,NA,NA,NA,NA,NA,NA,NA,NA,NA,NA,NA,NA,NA,NA,NA
"488",NA,NA,NA,NA,NA,NA,NA,NA,NA,NA,NA,NA,NA,NA,NA,NA,NA,NA,NA,NA,NA,NA
"489",NA,NA,NA,NA,NA,NA,NA,NA,NA,NA,NA,NA,NA,NA,NA,NA,NA,NA,NA,NA,NA,NA
"490",NA,NA,NA,NA,NA,NA,NA,NA,NA,NA,NA,NA,NA,NA,NA,NA,NA,NA,NA,NA,NA,NA
"491",NA,NA,NA,NA,NA,NA,NA,NA,NA,NA,NA,NA,NA,NA,NA,NA,NA,NA,NA,NA,NA,NA
"492",NA,NA,NA,NA,NA,NA,NA,NA,NA,NA,NA,NA,NA,NA,NA,NA,NA,NA,NA,NA,NA,NA
"493",NA,NA,NA,NA,NA,NA,NA,NA,NA,NA,NA,NA,NA,NA,NA,NA,NA,NA,NA,NA,NA,NA
"494",NA,NA,NA,NA,NA,NA,NA,NA,NA,NA,NA,NA,NA,NA,NA,NA,NA,NA,NA,NA,NA,NA
"495",NA,NA,NA,NA,NA,NA,NA,NA,NA,NA,NA,NA,NA,NA,NA,NA,NA,NA,NA,NA,NA,NA
"496",NA,NA,NA,NA,NA,NA,NA,NA,NA,NA,NA,NA,NA,NA,NA,NA,NA,NA,NA,NA,NA,NA
"497",NA,NA,NA,NA,NA,NA,NA,NA,NA,NA,NA,NA,NA,NA,NA,NA,NA,NA,NA,NA,NA,NA
"498",NA,NA,NA,NA,NA,NA,NA,NA,NA,NA,NA,NA,NA,NA,NA,NA,NA,NA,NA,NA,NA,NA
"499",NA,NA,NA,NA,NA,NA,NA,NA,NA,NA,NA,NA,NA,NA,NA,NA,NA,NA,NA,NA,NA,NA
"500",NA,NA,NA,NA,NA,NA,NA,NA,NA,NA,NA,NA,NA,NA,NA,NA,NA,NA,NA,NA,NA,NA
"501",NA,NA,NA,NA,NA,NA,NA,NA,NA,NA,NA,NA,NA,NA,NA,NA,NA,NA,NA,NA,NA,NA
"502",NA,NA,NA,NA,NA,NA,NA,NA,NA,NA,NA,NA,NA,NA,NA,NA,NA,NA,NA,NA,NA,NA
"503",NA,NA,NA,NA,NA,NA,NA,NA,NA,NA,NA,NA,NA,NA,NA,NA,NA,NA,NA,NA,NA,NA
"504",NA,NA,NA,NA,NA,NA,NA,NA,NA,NA,NA,NA,NA,NA,NA,NA,NA,NA,NA,NA,NA,NA
"505",NA,NA,NA,NA,NA,NA,NA,NA,NA,NA,NA,NA,NA,NA,NA,NA,NA,NA,NA,NA,NA,NA
"506",NA,NA,NA,NA,NA,NA,NA,NA,NA,NA,NA,NA,NA,NA,NA,NA,NA,NA,NA,NA,NA,NA
"507",NA,NA,NA,NA,NA,NA,NA,NA,NA,NA,NA,NA,NA,NA,NA,NA,NA,NA,NA,NA,NA,NA
"508",NA,NA,NA,NA,NA,NA,NA,NA,NA,NA,NA,NA,NA,NA,NA,NA,NA,NA,NA,NA,NA,NA
"509",NA,NA,NA,NA,NA,NA,NA,NA,NA,NA,NA,NA,NA,NA,NA,NA,NA,NA,NA,NA,NA,NA
"510",NA,NA,NA,NA,NA,NA,NA,NA,NA,NA,NA,NA,NA,NA,NA,NA,NA,NA,NA,NA,NA,NA
"511",NA,NA,NA,NA,NA,NA,NA,NA,NA,NA,NA,NA,NA,NA,NA,NA,NA,NA,NA,NA,NA,NA
"512",NA,NA,NA,NA,NA,NA,NA,NA,NA,NA,NA,NA,NA,NA,NA,NA,NA,NA,NA,NA,NA,NA
"513",NA,NA,NA,NA,NA,NA,NA,NA,NA,NA,NA,NA,NA,NA,NA,NA,NA,NA,NA,NA,NA,NA
"514",NA,NA,NA,NA,NA,NA,NA,NA,NA,NA,NA,NA,NA,NA,NA,NA,NA,NA,NA,NA,NA,NA
"515",NA,NA,NA,NA,NA,NA,NA,NA,NA,NA,NA,NA,NA,NA,NA,NA,NA,NA,NA,NA,NA,NA
"516",NA,NA,NA,NA,NA,NA,NA,NA,NA,NA,NA,NA,NA,NA,NA,NA,NA,NA,NA,NA,NA,NA
"517",NA,NA,NA,NA,NA,NA,NA,NA,NA,NA,NA,NA,NA,NA,NA,NA,NA,NA,NA,NA,NA,NA
"518",NA,NA,NA,NA,NA,NA,NA,NA,NA,NA,NA,NA,NA,NA,NA,NA,NA,NA,NA,NA,NA,NA
"519",NA,NA,NA,NA,NA,NA,NA,NA,NA,NA,NA,NA,NA,NA,NA,NA,NA,NA,NA,NA,NA,NA
"520",NA,NA,NA,NA,NA,NA,NA,NA,NA,NA,NA,NA,NA,NA,NA,NA,NA,NA,NA,NA,NA,NA
"521",NA,NA,NA,NA,NA,NA,NA,NA,NA,NA,NA,NA,NA,NA,NA,NA,NA,NA,NA,NA,NA,NA
"522",NA,NA,NA,NA,NA,NA,NA,NA,NA,NA,NA,NA,NA,NA,NA,NA,NA,NA,NA,NA,NA,NA
"523",NA,NA,NA,NA,NA,NA,NA,NA,NA,NA,NA,NA,NA,NA,NA,NA,NA,NA,NA,NA,NA,NA
"524",NA,NA,NA,NA,NA,NA,NA,NA,NA,NA,NA,NA,NA,NA,NA,NA,NA,NA,NA,NA,NA,NA
"525",NA,NA,NA,NA,NA,NA,NA,NA,NA,NA,NA,NA,NA,NA,NA,NA,NA,NA,NA,NA,NA,NA
"526",NA,NA,NA,NA,NA,NA,NA,NA,NA,NA,NA,NA,NA,NA,NA,NA,NA,NA,NA,NA,NA,NA
"527",NA,NA,NA,NA,NA,NA,NA,NA,NA,NA,NA,NA,NA,NA,NA,NA,NA,NA,NA,NA,NA,NA
"528",NA,NA,NA,NA,NA,NA,NA,NA,NA,NA,NA,NA,NA,NA,NA,NA,NA,NA,NA,NA,NA,NA
"529",NA,NA,NA,NA,NA,NA,NA,NA,NA,NA,NA,NA,NA,NA,NA,NA,NA,NA,NA,NA,NA,NA
"530",NA,NA,NA,NA,NA,NA,NA,NA,NA,NA,NA,NA,NA,NA,NA,NA,NA,NA,NA,NA,NA,NA
"531",NA,NA,NA,NA,NA,NA,NA,NA,NA,NA,NA,NA,NA,NA,NA,NA,NA,NA,NA,NA,NA,NA
"532",NA,NA,NA,NA,NA,NA,NA,NA,NA,NA,NA,NA,NA,NA,NA,NA,NA,NA,NA,NA,NA,NA
"533",NA,NA,NA,NA,NA,NA,NA,NA,NA,NA,NA,NA,NA,NA,NA,NA,NA,NA,NA,NA,NA,NA
"534",NA,NA,NA,NA,NA,NA,NA,NA,NA,NA,NA,NA,NA,NA,NA,NA,NA,NA,NA,NA,NA,NA
"535",NA,NA,NA,NA,NA,NA,NA,NA,NA,NA,NA,NA,NA,NA,NA,NA,NA,NA,NA,NA,NA,NA
"536",NA,NA,NA,NA,NA,NA,NA,NA,NA,NA,NA,NA,NA,NA,NA,NA,NA,NA,NA,NA,NA,NA
"537",NA,NA,NA,NA,NA,NA,NA,NA,NA,NA,NA,NA,NA,NA,NA,NA,NA,NA,NA,NA,NA,NA
"538",NA,NA,NA,NA,NA,NA,NA,NA,NA,NA,NA,NA,NA,NA,NA,NA,NA,NA,NA,NA,NA,NA
"539",NA,NA,NA,NA,NA,NA,NA,NA,NA,NA,NA,NA,NA,NA,NA,NA,NA,NA,NA,NA,NA,NA
"540",NA,NA,NA,NA,NA,NA,NA,NA,NA,NA,NA,NA,NA,NA,NA,NA,NA,NA,NA,NA,NA,NA
"541",NA,NA,NA,NA,NA,NA,NA,NA,NA,NA,NA,NA,NA,NA,NA,NA,NA,NA,NA,NA,NA,NA
"542",NA,NA,NA,NA,NA,NA,NA,NA,NA,NA,NA,NA,NA,NA,NA,NA,NA,NA,NA,NA,NA,NA
"543",NA,NA,NA,NA,NA,NA,NA,NA,NA,NA,NA,NA,NA,NA,NA,NA,NA,NA,NA,NA,NA,NA
"544",NA,NA,NA,NA,NA,NA,NA,NA,NA,NA,NA,NA,NA,NA,NA,NA,NA,NA,NA,NA,NA,NA
"545",NA,NA,NA,NA,NA,NA,NA,NA,NA,NA,NA,NA,NA,NA,NA,NA,NA,NA,NA,NA,NA,NA
"546",NA,NA,NA,NA,NA,NA,NA,NA,NA,NA,NA,NA,NA,NA,NA,NA,NA,NA,NA,NA,NA,NA
"547",NA,NA,NA,NA,NA,NA,NA,NA,NA,NA,NA,NA,NA,NA,NA,NA,NA,NA,NA,NA,NA,NA
"548",NA,NA,NA,NA,NA,NA,NA,NA,NA,NA,NA,NA,NA,NA,NA,NA,NA,NA,NA,NA,NA,NA
"549",NA,NA,NA,NA,NA,NA,NA,NA,NA,NA,NA,NA,NA,NA,NA,NA,NA,NA,NA,NA,NA,NA
"550",NA,NA,NA,NA,NA,NA,NA,NA,NA,NA,NA,NA,NA,NA,NA,NA,NA,NA,NA,NA,NA,NA
"551",NA,NA,NA,NA,NA,NA,NA,NA,NA,NA,NA,NA,NA,NA,NA,NA,NA,NA,NA,NA,NA,NA
"552",NA,NA,NA,NA,NA,NA,NA,NA,NA,NA,NA,NA,NA,NA,NA,NA,NA,NA,NA,NA,NA,NA
"553",NA,NA,NA,NA,NA,NA,NA,NA,NA,NA,NA,NA,NA,NA,NA,NA,NA,NA,NA,NA,NA,NA
"554",NA,NA,NA,NA,NA,NA,NA,NA,NA,NA,NA,NA,NA,NA,NA,NA,NA,NA,NA,NA,NA,NA
"555",NA,NA,NA,NA,NA,NA,NA,NA,NA,NA,NA,NA,NA,NA,NA,NA,NA,NA,NA,NA,NA,NA
"556",NA,NA,NA,NA,NA,NA,NA,NA,NA,NA,NA,NA,NA,NA,NA,NA,NA,NA,NA,NA,NA,NA
"557",NA,NA,NA,NA,NA,NA,NA,NA,NA,NA,NA,NA,NA,NA,NA,NA,NA,NA,NA,NA,NA,NA
"558",NA,NA,NA,NA,NA,NA,NA,NA,NA,NA,NA,NA,NA,NA,NA,NA,NA,NA,NA,NA,NA,NA
"559",NA,NA,NA,NA,NA,NA,NA,NA,NA,NA,NA,NA,NA,NA,NA,NA,NA,NA,NA,NA,NA,NA
"560",NA,NA,NA,NA,NA,NA,NA,NA,NA,NA,NA,NA,NA,NA,NA,NA,NA,NA,NA,NA,NA,NA
"561",NA,NA,NA,NA,NA,NA,NA,NA,NA,NA,NA,NA,NA,NA,NA,NA,NA,NA,NA,NA,NA,NA
"562",NA,NA,NA,NA,NA,NA,NA,NA,NA,NA,NA,NA,NA,NA,NA,NA,NA,NA,NA,NA,NA,NA
"563",NA,NA,NA,NA,NA,NA,NA,NA,NA,NA,NA,NA,NA,NA,NA,NA,NA,NA,NA,NA,NA,NA
"564",NA,NA,NA,NA,NA,NA,NA,NA,NA,NA,NA,NA,NA,NA,NA,NA,NA,NA,NA,NA,NA,NA
"565",NA,NA,NA,NA,NA,NA,NA,NA,NA,NA,NA,NA,NA,NA,NA,NA,NA,NA,NA,NA,NA,NA
"566",NA,NA,NA,NA,NA,NA,NA,NA,NA,NA,NA,NA,NA,NA,NA,NA,NA,NA,NA,NA,NA,NA
"567",NA,NA,NA,NA,NA,NA,NA,NA,NA,NA,NA,NA,NA,NA,NA,NA,NA,NA,NA,NA,NA,NA
"568",NA,NA,NA,NA,NA,NA,NA,NA,NA,NA,NA,NA,NA,NA,NA,NA,NA,NA,NA,NA,NA,NA
